polling_unit_id,source_file,draft_province,draft_district,draft_subdistrict_or_municipality,draft_municipality,draft_moo,draft_unit_number,official_province,official_district,official_subdistrict,official_municipality,official_moo,lat,lon,tambon_code,amphoe_code,province_code,location_verified,tambon_verified,tambon_lat,tambon_lon,verification_source,verification_note,needs_location_review,location_review_reason,location_confidence,path_header_unit_match,path_header_locality_match,province_expected_match,district_expected_match,missing_moo,header_unit_number,header_moo,header_locality,header_district,header_constituency_number,header_province,has_markdown,path_local_government,path_local_government_type,path_local_government_name,path_unit_number,path_folder,pdf_path
ทต_น_คมท_งโพธ_ทะเล_20260507T101004Z_3_001_ทต_น_คมท_งโพธ_ทะเล_หน_วยท_10_0001,ทต_น_คมท_งโพธ_ทะเล_20260507T101004Z_3_001_ทต_น_คมท_งโพธ_ทะเล_หน_วยท_10_0001.pdf,,,นิคมทุ่งโพธิ์ทะเล,ทต.นิคมทุ่งโพธิ์ทะเล,,10.0,กำแพงเพชร,เมืองกำแพงเพชร,นิคมทุ่งโพธิ์ทะเล,,,,,,,,False,True,16.47,99.7,User-provided approximate tambon centroid,Tambon mapping from source folder/name; coordinates are approximate centroid/reference point not official GIS boundary,True,missing_markdown;missing_moo,0.35,True,True,True,True,True,,,,,,,False,ทต.นิคมทุ่งโพธิ์ทะเล,ทต,นิคมทุ่งโพธิ์ทะเล,10.0,,
ทต_น_คมท_งโพธ_ทะเล_20260507T101004Z_3_001_ทต_น_คมท_งโพธ_ทะเล_หน_วยท_11_0001,ทต_น_คมท_งโพธ_ทะเล_20260507T101004Z_3_001_ทต_น_คมท_งโพธ_ทะเล_หน_วยท_11_0001.pdf,,,นิคมทุ่งโพธิ์ทะเล,ทต.นิคมทุ่งโพธิ์ทะเล,,11.0,กำแพงเพชร,เมืองกำแพงเพชร,นิคมทุ่งโพธิ์ทะเล,,,,,,,,False,True,16.47,99.7,User-provided approximate tambon centroid,Tambon mapping from source folder/name; coordinates are approximate centroid/reference point not official GIS boundary,True,missing_markdown;missing_moo,0.35,True,True,True,True,True,,,,,,,False,ทต.นิคมทุ่งโพธิ์ทะเล,ทต,นิคมทุ่งโพธิ์ทะเล,11.0,,
ทต_น_คมท_งโพธ_ทะเล_20260507T101004Z_3_001_ทต_น_คมท_งโพธ_ทะเล_หน_วยท_12_0001,ทต_น_คมท_งโพธ_ทะเล_20260507T101004Z_3_001_ทต_น_คมท_งโพธ_ทะเล_หน_วยท_12_0001.pdf,,,นิคมทุ่งโพธิ์ทะเล,ทต.นิคมทุ่งโพธิ์ทะเล,,12.0,กำแพงเพชร,เมืองกำแพงเพชร,นิคมทุ่งโพธิ์ทะเล,,,,,,,,False,True,16.47,99.7,User-provided approximate tambon centroid,Tambon mapping from source folder/name; coordinates are approximate centroid/reference point not official GIS boundary,True,missing_markdown;missing_moo,0.35,True,True,True,True,True,,,,,,,False,ทต.นิคมทุ่งโพธิ์ทะเล,ทต,นิคมทุ่งโพธิ์ทะเล,12.0,,
ทต_น_คมท_งโพธ_ทะเล_20260507T101004Z_3_001_ทต_น_คมท_งโพธ_ทะเล_หน_วยท_13_0001,ทต_น_คมท_งโพธ_ทะเล_20260507T101004Z_3_001_ทต_น_คมท_งโพธ_ทะเล_หน_วยท_13_0001.pdf,,,นิคมทุ่งโพธิ์ทะเล,ทต.นิคมทุ่งโพธิ์ทะเล,,13.0,กำแพงเพชร,เมืองกำแพงเพชร,นิคมทุ่งโพธิ์ทะเล,,,,,,,,False,True,16.47,99.7,User-provided approximate tambon centroid,Tambon mapping from source folder/name; coordinates are approximate centroid/reference point not official GIS boundary,True,missing_markdown;missing_moo,0.35,True,True,True,True,True,,,,,,,False,ทต.นิคมทุ่งโพธิ์ทะเล,ทต,นิคมทุ่งโพธิ์ทะเล,13.0,,
ทต_น_คมท_งโพธ_ทะเล_20260507T101004Z_3_001_ทต_น_คมท_งโพธ_ทะเล_หน_วยท_14_0001,ทต_น_คมท_งโพธ_ทะเล_20260507T101004Z_3_001_ทต_น_คมท_งโพธ_ทะเล_หน_วยท_14_0001.pdf,,,นิคมทุ่งโพธิ์ทะเล,ทต.นิคมทุ่งโพธิ์ทะเล,,14.0,กำแพงเพชร,เมืองกำแพงเพชร,นิคมทุ่งโพธิ์ทะเล,,,,,,,,False,True,16.47,99.7,User-provided approximate tambon centroid,Tambon mapping from source folder/name; coordinates are approximate centroid/reference point not official GIS boundary,True,missing_markdown;missing_moo,0.35,True,True,True,True,True,,,,,,,False,ทต.นิคมทุ่งโพธิ์ทะเล,ทต,นิคมทุ่งโพธิ์ทะเล,14.0,,
ทต_น_คมท_งโพธ_ทะเล_20260507T101004Z_3_001_ทต_น_คมท_งโพธ_ทะเล_หน_วยท_15_0001,ทต_น_คมท_งโพธ_ทะเล_20260507T101004Z_3_001_ทต_น_คมท_งโพธ_ทะเล_หน_วยท_15_0001.pdf,,,นิคมทุ่งโพธิ์ทะเล,ทต.นิคมทุ่งโพธิ์ทะเล,,15.0,กำแพงเพชร,เมืองกำแพงเพชร,นิคมทุ่งโพธิ์ทะเล,,,,,,,,False,True,16.47,99.7,User-provided approximate tambon centroid,Tambon mapping from source folder/name; coordinates are approximate centroid/reference point not official GIS boundary,True,missing_markdown;missing_moo,0.35,True,True,True,True,True,,,,,,,False,ทต.นิคมทุ่งโพธิ์ทะเล,ทต,นิคมทุ่งโพธิ์ทะเล,15.0,,
ทต_น_คมท_งโพธ_ทะเล_20260507T101004Z_3_001_ทต_น_คมท_งโพธ_ทะเล_หน_วยท_16_0001,ทต_น_คมท_งโพธ_ทะเล_20260507T101004Z_3_001_ทต_น_คมท_งโพธ_ทะเล_หน_วยท_16_0001.pdf,,,นิคมทุ่งโพธิ์ทะเล,ทต.นิคมทุ่งโพธิ์ทะเล,,16.0,กำแพงเพชร,เมืองกำแพงเพชร,นิคมทุ่งโพธิ์ทะเล,,,,,,,,False,True,16.47,99.7,User-provided approximate tambon centroid,Tambon mapping from source folder/name; coordinates are approximate centroid/reference point not official GIS boundary,True,missing_markdown;missing_moo,0.35,True,True,True,True,True,,,,,,,False,ทต.นิคมทุ่งโพธิ์ทะเล,ทต,นิคมทุ่งโพธิ์ทะเล,16.0,,
ทต_น_คมท_งโพธ_ทะเล_20260507T101004Z_3_001_ทต_น_คมท_งโพธ_ทะเล_หน_วยท_1_0001,ทต_น_คมท_งโพธ_ทะเล_20260507T101004Z_3_001_ทต_น_คมท_งโพธ_ทะเล_หน_วยท_1_0001.pdf,,,นิคมทุ่งโพธิ์ทะเล,ทต.นิคมทุ่งโพธิ์ทะเล,,1.0,กำแพงเพชร,เมืองกำแพงเพชร,นิคมทุ่งโพธิ์ทะเล,,,,,,,,False,True,16.47,99.7,User-provided approximate tambon centroid,Tambon mapping from source folder/name; coordinates are approximate centroid/reference point not official GIS boundary,True,missing_markdown;missing_moo,0.35,True,True,True,True,True,,,,,,,False,ทต.นิคมทุ่งโพธิ์ทะเล,ทต,นิคมทุ่งโพธิ์ทะเล,1.0,,
ทต_น_คมท_งโพธ_ทะเล_20260507T101004Z_3_001_ทต_น_คมท_งโพธ_ทะเล_หน_วยท_2_0001,ทต_น_คมท_งโพธ_ทะเล_20260507T101004Z_3_001_ทต_น_คมท_งโพธ_ทะเล_หน_วยท_2_0001.pdf,,,นิคมทุ่งโพธิ์ทะเล,ทต.นิคมทุ่งโพธิ์ทะเล,,2.0,กำแพงเพชร,เมืองกำแพงเพชร,นิคมทุ่งโพธิ์ทะเล,,,,,,,,False,True,16.47,99.7,User-provided approximate tambon centroid,Tambon mapping from source folder/name; coordinates are approximate centroid/reference point not official GIS boundary,True,missing_markdown;missing_moo,0.35,True,True,True,True,True,,,,,,,False,ทต.นิคมทุ่งโพธิ์ทะเล,ทต,นิคมทุ่งโพธิ์ทะเล,2.0,,
ทต_น_คมท_งโพธ_ทะเล_20260507T101004Z_3_001_ทต_น_คมท_งโพธ_ทะเล_หน_วยท_3_0001,ทต_น_คมท_งโพธ_ทะเล_20260507T101004Z_3_001_ทต_น_คมท_งโพธ_ทะเล_หน_วยท_3_0001.pdf,,,นิคมทุ่งโพธิ์ทะเล,ทต.นิคมทุ่งโพธิ์ทะเล,,3.0,กำแพงเพชร,เมืองกำแพงเพชร,นิคมทุ่งโพธิ์ทะเล,,,,,,,,False,True,16.47,99.7,User-provided approximate tambon centroid,Tambon mapping from source folder/name; coordinates are approximate centroid/reference point not official GIS boundary,True,missing_markdown;missing_moo,0.35,True,True,True,True,True,,,,,,,False,ทต.นิคมทุ่งโพธิ์ทะเล,ทต,นิคมทุ่งโพธิ์ทะเล,3.0,,
ทต_น_คมท_งโพธ_ทะเล_20260507T101004Z_3_001_ทต_น_คมท_งโพธ_ทะเล_หน_วยท_4_0001,ทต_น_คมท_งโพธ_ทะเล_20260507T101004Z_3_001_ทต_น_คมท_งโพธ_ทะเล_หน_วยท_4_0001.pdf,,,นิคมทุ่งโพธิ์ทะเล,ทต.นิคมทุ่งโพธิ์ทะเล,,4.0,กำแพงเพชร,เมืองกำแพงเพชร,นิคมทุ่งโพธิ์ทะเล,,,,,,,,False,True,16.47,99.7,User-provided approximate tambon centroid,Tambon mapping from source folder/name; coordinates are approximate centroid/reference point not official GIS boundary,True,missing_markdown;missing_moo,0.35,True,True,True,True,True,,,,,,,False,ทต.นิคมทุ่งโพธิ์ทะเล,ทต,นิคมทุ่งโพธิ์ทะเล,4.0,,
ทต_น_คมท_งโพธ_ทะเล_20260507T101004Z_3_001_ทต_น_คมท_งโพธ_ทะเล_หน_วยท_5_0001,ทต_น_คมท_งโพธ_ทะเล_20260507T101004Z_3_001_ทต_น_คมท_งโพธ_ทะเล_หน_วยท_5_0001.pdf,,,นิคมทุ่งโพธิ์ทะเล,ทต.นิคมทุ่งโพธิ์ทะเล,,5.0,กำแพงเพชร,เมืองกำแพงเพชร,นิคมทุ่งโพธิ์ทะเล,,,,,,,,False,True,16.47,99.7,User-provided approximate tambon centroid,Tambon mapping from source folder/name; coordinates are approximate centroid/reference point not official GIS boundary,True,missing_markdown;missing_moo,0.35,True,True,True,True,True,,,,,,,False,ทต.นิคมทุ่งโพธิ์ทะเล,ทต,นิคมทุ่งโพธิ์ทะเล,5.0,,
ทต_น_คมท_งโพธ_ทะเล_20260507T101004Z_3_001_ทต_น_คมท_งโพธ_ทะเล_หน_วยท_6_0001,ทต_น_คมท_งโพธ_ทะเล_20260507T101004Z_3_001_ทต_น_คมท_งโพธ_ทะเล_หน_วยท_6_0001.pdf,,,นิคมทุ่งโพธิ์ทะเล,ทต.นิคมทุ่งโพธิ์ทะเล,,6.0,กำแพงเพชร,เมืองกำแพงเพชร,นิคมทุ่งโพธิ์ทะเล,,,,,,,,False,True,16.47,99.7,User-provided approximate tambon centroid,Tambon mapping from source folder/name; coordinates are approximate centroid/reference point not official GIS boundary,True,missing_markdown;missing_moo,0.35,True,True,True,True,True,,,,,,,False,ทต.นิคมทุ่งโพธิ์ทะเล,ทต,นิคมทุ่งโพธิ์ทะเล,6.0,,
ทต_น_คมท_งโพธ_ทะเล_20260507T101004Z_3_001_ทต_น_คมท_งโพธ_ทะเล_หน_วยท_7_0001,ทต_น_คมท_งโพธ_ทะเล_20260507T101004Z_3_001_ทต_น_คมท_งโพธ_ทะเล_หน_วยท_7_0001.pdf,,,นิคมทุ่งโพธิ์ทะเล,ทต.นิคมทุ่งโพธิ์ทะเล,,7.0,กำแพงเพชร,เมืองกำแพงเพชร,นิคมทุ่งโพธิ์ทะเล,,,,,,,,False,True,16.47,99.7,User-provided approximate tambon centroid,Tambon mapping from source folder/name; coordinates are approximate centroid/reference point not official GIS boundary,True,missing_markdown;missing_moo,0.35,True,True,True,True,True,,,,,,,False,ทต.นิคมทุ่งโพธิ์ทะเล,ทต,นิคมทุ่งโพธิ์ทะเล,7.0,,
ทต_น_คมท_งโพธ_ทะเล_20260507T101004Z_3_001_ทต_น_คมท_งโพธ_ทะเล_หน_วยท_8_0001,ทต_น_คมท_งโพธ_ทะเล_20260507T101004Z_3_001_ทต_น_คมท_งโพธ_ทะเล_หน_วยท_8_0001.pdf,,,นิคมทุ่งโพธิ์ทะเล,ทต.นิคมทุ่งโพธิ์ทะเล,,8.0,กำแพงเพชร,เมืองกำแพงเพชร,นิคมทุ่งโพธิ์ทะเล,,,,,,,,False,True,16.47,99.7,User-provided approximate tambon centroid,Tambon mapping from source folder/name; coordinates are approximate centroid/reference point not official GIS boundary,True,missing_markdown;missing_moo,0.35,True,True,True,True,True,,,,,,,False,ทต.นิคมทุ่งโพธิ์ทะเล,ทต,นิคมทุ่งโพธิ์ทะเล,8.0,,
ทต_น_คมท_งโพธ_ทะเล_20260507T101004Z_3_001_ทต_น_คมท_งโพธ_ทะเล_หน_วยท_9_0001,ทต_น_คมท_งโพธ_ทะเล_20260507T101004Z_3_001_ทต_น_คมท_งโพธ_ทะเล_หน_วยท_9_0001.pdf,,,นิคมทุ่งโพธิ์ทะเล,ทต.นิคมทุ่งโพธิ์ทะเล,,9.0,กำแพงเพชร,เมืองกำแพงเพชร,นิคมทุ่งโพธิ์ทะเล,,,,,,,,False,True,16.47,99.7,User-provided approximate tambon centroid,Tambon mapping from source folder/name; coordinates are approximate centroid/reference point not official GIS boundary,True,missing_markdown;missing_moo,0.35,True,True,True,True,True,,,,,,,False,ทต.นิคมทุ่งโพธิ์ทะเล,ทต,นิคมทุ่งโพธิ์ทะเล,9.0,,
ทม_กำแพงเพชร_20260507T101000Z_3_001_ทม_กำแพงเพชร_หน_วยเล_อกต_งท_1,ทม_กำแพงเพชร_20260507T101000Z_3_001_ทม_กำแพงเพชร_หน_วยเล_อกต_งท_1.pdf,,,กำแพงเพชร,ทม.กำแพงเพชร,,1.0,กำแพงเพชร,เมืองกำแพงเพชร,ในเมือง,,,,,,,,False,True,16.4839,99.5312,User-provided approximate tambon centroid,Tambon mapping from source folder/name; coordinates are approximate centroid/reference point not official GIS boundary,True,missing_markdown;missing_moo,0.35,True,True,True,True,True,,,,,,,False,ทม.กำแพงเพชร,ทม,กำแพงเพชร,1.0,,
ทม_กำแพงเพชร_20260507T101000Z_3_001_ทม_กำแพงเพชร_หน_วยเล_อกต_งท_10,ทม_กำแพงเพชร_20260507T101000Z_3_001_ทม_กำแพงเพชร_หน_วยเล_อกต_งท_10.pdf,,,กำแพงเพชร,ทม.กำแพงเพชร,,10.0,กำแพงเพชร,เมืองกำแพงเพชร,ในเมือง,,,,,,,,False,True,16.4839,99.5312,User-provided approximate tambon centroid,Tambon mapping from source folder/name; coordinates are approximate centroid/reference point not official GIS boundary,True,missing_markdown;missing_moo,0.35,True,True,True,True,True,,,,,,,False,ทม.กำแพงเพชร,ทม,กำแพงเพชร,10.0,,
ทม_กำแพงเพชร_20260507T101000Z_3_001_ทม_กำแพงเพชร_หน_วยเล_อกต_งท_11,ทม_กำแพงเพชร_20260507T101000Z_3_001_ทม_กำแพงเพชร_หน_วยเล_อกต_งท_11.pdf,,,กำแพงเพชร,ทม.กำแพงเพชร,,11.0,กำแพงเพชร,เมืองกำแพงเพชร,ในเมือง,,,,,,,,False,True,16.4839,99.5312,User-provided approximate tambon centroid,Tambon mapping from source folder/name; coordinates are approximate centroid/reference point not official GIS boundary,True,missing_markdown;missing_moo,0.35,True,True,True,True,True,,,,,,,False,ทม.กำแพงเพชร,ทม,กำแพงเพชร,11.0,,
ทม_กำแพงเพชร_20260507T101000Z_3_001_ทม_กำแพงเพชร_หน_วยเล_อกต_งท_12,ทม_กำแพงเพชร_20260507T101000Z_3_001_ทม_กำแพงเพชร_หน_วยเล_อกต_งท_12.pdf,,,กำแพงเพชร,ทม.กำแพงเพชร,,12.0,กำแพงเพชร,เมืองกำแพงเพชร,ในเมือง,,,,,,,,False,True,16.4839,99.5312,User-provided approximate tambon centroid,Tambon mapping from source folder/name; coordinates are approximate centroid/reference point not official GIS boundary,True,missing_markdown;missing_moo,0.35,True,True,True,True,True,,,,,,,False,ทม.กำแพงเพชร,ทม,กำแพงเพชร,12.0,,
ทม_กำแพงเพชร_20260507T101000Z_3_001_ทม_กำแพงเพชร_หน_วยเล_อกต_งท_13,ทม_กำแพงเพชร_20260507T101000Z_3_001_ทม_กำแพงเพชร_หน_วยเล_อกต_งท_13.pdf,,,กำแพงเพชร,ทม.กำแพงเพชร,,13.0,กำแพงเพชร,เมืองกำแพงเพชร,ในเมือง,,,,,,,,False,True,16.4839,99.5312,User-provided approximate tambon centroid,Tambon mapping from source folder/name; coordinates are approximate centroid/reference point not official GIS boundary,True,missing_markdown;missing_moo,0.35,True,True,True,True,True,,,,,,,False,ทม.กำแพงเพชร,ทม,กำแพงเพชร,13.0,,
ทม_กำแพงเพชร_20260507T101000Z_3_001_ทม_กำแพงเพชร_หน_วยเล_อกต_งท_14,ทม_กำแพงเพชร_20260507T101000Z_3_001_ทม_กำแพงเพชร_หน_วยเล_อกต_งท_14.pdf,,,กำแพงเพชร,ทม.กำแพงเพชร,,14.0,กำแพงเพชร,เมืองกำแพงเพชร,ในเมือง,,,,,,,,False,True,16.4839,99.5312,User-provided approximate tambon centroid,Tambon mapping from source folder/name; coordinates are approximate centroid/reference point not official GIS boundary,True,missing_markdown;missing_moo,0.35,True,True,True,True,True,,,,,,,False,ทม.กำแพงเพชร,ทม,กำแพงเพชร,14.0,,
ทม_กำแพงเพชร_20260507T101000Z_3_001_ทม_กำแพงเพชร_หน_วยเล_อกต_งท_15,ทม_กำแพงเพชร_20260507T101000Z_3_001_ทม_กำแพงเพชร_หน_วยเล_อกต_งท_15.pdf,,,กำแพงเพชร,ทม.กำแพงเพชร,,15.0,กำแพงเพชร,เมืองกำแพงเพชร,ในเมือง,,,,,,,,False,True,16.4839,99.5312,User-provided approximate tambon centroid,Tambon mapping from source folder/name; coordinates are approximate centroid/reference point not official GIS boundary,True,missing_markdown;missing_moo,0.35,True,True,True,True,True,,,,,,,False,ทม.กำแพงเพชร,ทม,กำแพงเพชร,15.0,,
ทม_กำแพงเพชร_20260507T101000Z_3_001_ทม_กำแพงเพชร_หน_วยเล_อกต_งท_16,ทม_กำแพงเพชร_20260507T101000Z_3_001_ทม_กำแพงเพชร_หน_วยเล_อกต_งท_16.pdf,,,กำแพงเพชร,ทม.กำแพงเพชร,,16.0,กำแพงเพชร,เมืองกำแพงเพชร,ในเมือง,,,,,,,,False,True,16.4839,99.5312,User-provided approximate tambon centroid,Tambon mapping from source folder/name; coordinates are approximate centroid/reference point not official GIS boundary,True,missing_markdown;missing_moo,0.35,True,True,True,True,True,,,,,,,False,ทม.กำแพงเพชร,ทม,กำแพงเพชร,16.0,,
ทม_กำแพงเพชร_20260507T101000Z_3_001_ทม_กำแพงเพชร_หน_วยเล_อกต_งท_17,ทม_กำแพงเพชร_20260507T101000Z_3_001_ทม_กำแพงเพชร_หน_วยเล_อกต_งท_17.pdf,,,กำแพงเพชร,ทม.กำแพงเพชร,,17.0,กำแพงเพชร,เมืองกำแพงเพชร,ในเมือง,,,,,,,,False,True,16.4839,99.5312,User-provided approximate tambon centroid,Tambon mapping from source folder/name; coordinates are approximate centroid/reference point not official GIS boundary,True,missing_markdown;missing_moo,0.35,True,True,True,True,True,,,,,,,False,ทม.กำแพงเพชร,ทม,กำแพงเพชร,17.0,,
ทม_กำแพงเพชร_20260507T101000Z_3_001_ทม_กำแพงเพชร_หน_วยเล_อกต_งท_18,ทม_กำแพงเพชร_20260507T101000Z_3_001_ทม_กำแพงเพชร_หน_วยเล_อกต_งท_18.pdf,,,กำแพงเพชร,ทม.กำแพงเพชร,,18.0,กำแพงเพชร,เมืองกำแพงเพชร,ในเมือง,,,,,,,,False,True,16.4839,99.5312,User-provided approximate tambon centroid,Tambon mapping from source folder/name; coordinates are approximate centroid/reference point not official GIS boundary,True,missing_markdown;missing_moo,0.35,True,True,True,True,True,,,,,,,False,ทม.กำแพงเพชร,ทม,กำแพงเพชร,18.0,,
ทม_กำแพงเพชร_20260507T101000Z_3_001_ทม_กำแพงเพชร_หน_วยเล_อกต_งท_19,ทม_กำแพงเพชร_20260507T101000Z_3_001_ทม_กำแพงเพชร_หน_วยเล_อกต_งท_19.pdf,,,กำแพงเพชร,ทม.กำแพงเพชร,,19.0,กำแพงเพชร,เมืองกำแพงเพชร,ในเมือง,,,,,,,,False,True,16.4839,99.5312,User-provided approximate tambon centroid,Tambon mapping from source folder/name; coordinates are approximate centroid/reference point not official GIS boundary,True,missing_markdown;missing_moo,0.35,True,True,True,True,True,,,,,,,False,ทม.กำแพงเพชร,ทม,กำแพงเพชร,19.0,,
ทม_กำแพงเพชร_20260507T101000Z_3_001_ทม_กำแพงเพชร_หน_วยเล_อกต_งท_2,ทม_กำแพงเพชร_20260507T101000Z_3_001_ทม_กำแพงเพชร_หน_วยเล_อกต_งท_2.pdf,,,กำแพงเพชร,ทม.กำแพงเพชร,,2.0,กำแพงเพชร,เมืองกำแพงเพชร,ในเมือง,,,,,,,,False,True,16.4839,99.5312,User-provided approximate tambon centroid,Tambon mapping from source folder/name; coordinates are approximate centroid/reference point not official GIS boundary,True,missing_markdown;missing_moo,0.35,True,True,True,True,True,,,,,,,False,ทม.กำแพงเพชร,ทม,กำแพงเพชร,2.0,,
ทม_กำแพงเพชร_20260507T101000Z_3_001_ทม_กำแพงเพชร_หน_วยเล_อกต_งท_20,ทม_กำแพงเพชร_20260507T101000Z_3_001_ทม_กำแพงเพชร_หน_วยเล_อกต_งท_20.pdf,,,กำแพงเพชร,ทม.กำแพงเพชร,,20.0,กำแพงเพชร,เมืองกำแพงเพชร,ในเมือง,,,,,,,,False,True,16.4839,99.5312,User-provided approximate tambon centroid,Tambon mapping from source folder/name; coordinates are approximate centroid/reference point not official GIS boundary,True,missing_markdown;missing_moo,0.35,True,True,True,True,True,,,,,,,False,ทม.กำแพงเพชร,ทม,กำแพงเพชร,20.0,,
ทม_กำแพงเพชร_20260507T101000Z_3_001_ทม_กำแพงเพชร_หน_วยเล_อกต_งท_21,ทม_กำแพงเพชร_20260507T101000Z_3_001_ทม_กำแพงเพชร_หน_วยเล_อกต_งท_21.pdf,,,กำแพงเพชร,ทม.กำแพงเพชร,,21.0,กำแพงเพชร,เมืองกำแพงเพชร,ในเมือง,,,,,,,,False,True,16.4839,99.5312,User-provided approximate tambon centroid,Tambon mapping from source folder/name; coordinates are approximate centroid/reference point not official GIS boundary,True,missing_markdown;missing_moo,0.35,True,True,True,True,True,,,,,,,False,ทม.กำแพงเพชร,ทม,กำแพงเพชร,21.0,,
ทม_กำแพงเพชร_20260507T101000Z_3_001_ทม_กำแพงเพชร_หน_วยเล_อกต_งท_22,ทม_กำแพงเพชร_20260507T101000Z_3_001_ทม_กำแพงเพชร_หน_วยเล_อกต_งท_22.pdf,,,กำแพงเพชร,ทม.กำแพงเพชร,,22.0,กำแพงเพชร,เมืองกำแพงเพชร,ในเมือง,,,,,,,,False,True,16.4839,99.5312,User-provided approximate tambon centroid,Tambon mapping from source folder/name; coordinates are approximate centroid/reference point not official GIS boundary,True,missing_markdown;missing_moo,0.35,True,True,True,True,True,,,,,,,False,ทม.กำแพงเพชร,ทม,กำแพงเพชร,22.0,,
ทม_กำแพงเพชร_20260507T101000Z_3_001_ทม_กำแพงเพชร_หน_วยเล_อกต_งท_23,ทม_กำแพงเพชร_20260507T101000Z_3_001_ทม_กำแพงเพชร_หน_วยเล_อกต_งท_23.pdf,,,กำแพงเพชร,ทม.กำแพงเพชร,,23.0,กำแพงเพชร,เมืองกำแพงเพชร,ในเมือง,,,,,,,,False,True,16.4839,99.5312,User-provided approximate tambon centroid,Tambon mapping from source folder/name; coordinates are approximate centroid/reference point not official GIS boundary,True,missing_markdown;missing_moo,0.35,True,True,True,True,True,,,,,,,False,ทม.กำแพงเพชร,ทม,กำแพงเพชร,23.0,,
ทม_กำแพงเพชร_20260507T101000Z_3_001_ทม_กำแพงเพชร_หน_วยเล_อกต_งท_24,ทม_กำแพงเพชร_20260507T101000Z_3_001_ทม_กำแพงเพชร_หน_วยเล_อกต_งท_24.pdf,,,กำแพงเพชร,ทม.กำแพงเพชร,,24.0,กำแพงเพชร,เมืองกำแพงเพชร,ในเมือง,,,,,,,,False,True,16.4839,99.5312,User-provided approximate tambon centroid,Tambon mapping from source folder/name; coordinates are approximate centroid/reference point not official GIS boundary,True,missing_markdown;missing_moo,0.35,True,True,True,True,True,,,,,,,False,ทม.กำแพงเพชร,ทม,กำแพงเพชร,24.0,,
ทม_กำแพงเพชร_20260507T101000Z_3_001_ทม_กำแพงเพชร_หน_วยเล_อกต_งท_25,ทม_กำแพงเพชร_20260507T101000Z_3_001_ทม_กำแพงเพชร_หน_วยเล_อกต_งท_25.pdf,,,กำแพงเพชร,ทม.กำแพงเพชร,,25.0,กำแพงเพชร,เมืองกำแพงเพชร,ในเมือง,,,,,,,,False,True,16.4839,99.5312,User-provided approximate tambon centroid,Tambon mapping from source folder/name; coordinates are approximate centroid/reference point not official GIS boundary,True,missing_markdown;missing_moo,0.35,True,True,True,True,True,,,,,,,False,ทม.กำแพงเพชร,ทม,กำแพงเพชร,25.0,,
ทม_กำแพงเพชร_20260507T101000Z_3_001_ทม_กำแพงเพชร_หน_วยเล_อกต_งท_26,ทม_กำแพงเพชร_20260507T101000Z_3_001_ทม_กำแพงเพชร_หน_วยเล_อกต_งท_26.pdf,,,กำแพงเพชร,ทม.กำแพงเพชร,,26.0,กำแพงเพชร,เมืองกำแพงเพชร,ในเมือง,,,,,,,,False,True,16.4839,99.5312,User-provided approximate tambon centroid,Tambon mapping from source folder/name; coordinates are approximate centroid/reference point not official GIS boundary,True,missing_markdown;missing_moo,0.35,True,True,True,True,True,,,,,,,False,ทม.กำแพงเพชร,ทม,กำแพงเพชร,26.0,,
ทม_กำแพงเพชร_20260507T101000Z_3_001_ทม_กำแพงเพชร_หน_วยเล_อกต_งท_27,ทม_กำแพงเพชร_20260507T101000Z_3_001_ทม_กำแพงเพชร_หน_วยเล_อกต_งท_27.pdf,,,กำแพงเพชร,ทม.กำแพงเพชร,,27.0,กำแพงเพชร,เมืองกำแพงเพชร,ในเมือง,,,,,,,,False,True,16.4839,99.5312,User-provided approximate tambon centroid,Tambon mapping from source folder/name; coordinates are approximate centroid/reference point not official GIS boundary,True,missing_markdown;missing_moo,0.35,True,True,True,True,True,,,,,,,False,ทม.กำแพงเพชร,ทม,กำแพงเพชร,27.0,,
ทม_กำแพงเพชร_20260507T101000Z_3_001_ทม_กำแพงเพชร_หน_วยเล_อกต_งท_28,ทม_กำแพงเพชร_20260507T101000Z_3_001_ทม_กำแพงเพชร_หน_วยเล_อกต_งท_28.pdf,,,กำแพงเพชร,ทม.กำแพงเพชร,,28.0,กำแพงเพชร,เมืองกำแพงเพชร,ในเมือง,,,,,,,,False,True,16.4839,99.5312,User-provided approximate tambon centroid,Tambon mapping from source folder/name; coordinates are approximate centroid/reference point not official GIS boundary,True,missing_markdown;missing_moo,0.35,True,True,True,True,True,,,,,,,False,ทม.กำแพงเพชร,ทม,กำแพงเพชร,28.0,,
ทม_กำแพงเพชร_20260507T101000Z_3_001_ทม_กำแพงเพชร_หน_วยเล_อกต_งท_29,ทม_กำแพงเพชร_20260507T101000Z_3_001_ทม_กำแพงเพชร_หน_วยเล_อกต_งท_29.pdf,,,กำแพงเพชร,ทม.กำแพงเพชร,,29.0,กำแพงเพชร,เมืองกำแพงเพชร,ในเมือง,,,,,,,,False,True,16.4839,99.5312,User-provided approximate tambon centroid,Tambon mapping from source folder/name; coordinates are approximate centroid/reference point not official GIS boundary,True,missing_markdown;missing_moo,0.35,True,True,True,True,True,,,,,,,False,ทม.กำแพงเพชร,ทม,กำแพงเพชร,29.0,,
ทม_กำแพงเพชร_20260507T101000Z_3_001_ทม_กำแพงเพชร_หน_วยเล_อกต_งท_3,ทม_กำแพงเพชร_20260507T101000Z_3_001_ทม_กำแพงเพชร_หน_วยเล_อกต_งท_3.pdf,,,กำแพงเพชร,ทม.กำแพงเพชร,,3.0,กำแพงเพชร,เมืองกำแพงเพชร,ในเมือง,,,,,,,,False,True,16.4839,99.5312,User-provided approximate tambon centroid,Tambon mapping from source folder/name; coordinates are approximate centroid/reference point not official GIS boundary,True,missing_markdown;missing_moo,0.35,True,True,True,True,True,,,,,,,False,ทม.กำแพงเพชร,ทม,กำแพงเพชร,3.0,,
ทม_กำแพงเพชร_20260507T101000Z_3_001_ทม_กำแพงเพชร_หน_วยเล_อกต_งท_30,ทม_กำแพงเพชร_20260507T101000Z_3_001_ทม_กำแพงเพชร_หน_วยเล_อกต_งท_30.pdf,,,กำแพงเพชร,ทม.กำแพงเพชร,,30.0,กำแพงเพชร,เมืองกำแพงเพชร,ในเมือง,,,,,,,,False,True,16.4839,99.5312,User-provided approximate tambon centroid,Tambon mapping from source folder/name; coordinates are approximate centroid/reference point not official GIS boundary,True,missing_markdown;missing_moo,0.35,True,True,True,True,True,,,,,,,False,ทม.กำแพงเพชร,ทม,กำแพงเพชร,30.0,,
ทม_กำแพงเพชร_20260507T101000Z_3_001_ทม_กำแพงเพชร_หน_วยเล_อกต_งท_31,ทม_กำแพงเพชร_20260507T101000Z_3_001_ทม_กำแพงเพชร_หน_วยเล_อกต_งท_31.pdf,,,กำแพงเพชร,ทม.กำแพงเพชร,,31.0,กำแพงเพชร,เมืองกำแพงเพชร,ในเมือง,,,,,,,,False,True,16.4839,99.5312,User-provided approximate tambon centroid,Tambon mapping from source folder/name; coordinates are approximate centroid/reference point not official GIS boundary,True,missing_markdown;missing_moo,0.35,True,True,True,True,True,,,,,,,False,ทม.กำแพงเพชร,ทม,กำแพงเพชร,31.0,,
ทม_กำแพงเพชร_20260507T101000Z_3_001_ทม_กำแพงเพชร_หน_วยเล_อกต_งท_32,ทม_กำแพงเพชร_20260507T101000Z_3_001_ทม_กำแพงเพชร_หน_วยเล_อกต_งท_32.pdf,,,กำแพงเพชร,ทม.กำแพงเพชร,,32.0,กำแพงเพชร,เมืองกำแพงเพชร,ในเมือง,,,,,,,,False,True,16.4839,99.5312,User-provided approximate tambon centroid,Tambon mapping from source folder/name; coordinates are approximate centroid/reference point not official GIS boundary,True,missing_markdown;missing_moo,0.35,True,True,True,True,True,,,,,,,False,ทม.กำแพงเพชร,ทม,กำแพงเพชร,32.0,,
ทม_กำแพงเพชร_20260507T101000Z_3_001_ทม_กำแพงเพชร_หน_วยเล_อกต_งท_33,ทม_กำแพงเพชร_20260507T101000Z_3_001_ทม_กำแพงเพชร_หน_วยเล_อกต_งท_33.pdf,,,กำแพงเพชร,ทม.กำแพงเพชร,,33.0,กำแพงเพชร,เมืองกำแพงเพชร,ในเมือง,,,,,,,,False,True,16.4839,99.5312,User-provided approximate tambon centroid,Tambon mapping from source folder/name; coordinates are approximate centroid/reference point not official GIS boundary,True,missing_markdown;missing_moo,0.35,True,True,True,True,True,,,,,,,False,ทม.กำแพงเพชร,ทม,กำแพงเพชร,33.0,,
ทม_กำแพงเพชร_20260507T101000Z_3_001_ทม_กำแพงเพชร_หน_วยเล_อกต_งท_34,ทม_กำแพงเพชร_20260507T101000Z_3_001_ทม_กำแพงเพชร_หน_วยเล_อกต_งท_34.pdf,,,กำแพงเพชร,ทม.กำแพงเพชร,,34.0,กำแพงเพชร,เมืองกำแพงเพชร,ในเมือง,,,,,,,,False,True,16.4839,99.5312,User-provided approximate tambon centroid,Tambon mapping from source folder/name; coordinates are approximate centroid/reference point not official GIS boundary,True,missing_markdown;missing_moo,0.35,True,True,True,True,True,,,,,,,False,ทม.กำแพงเพชร,ทม,กำแพงเพชร,34.0,,
ทม_กำแพงเพชร_20260507T101000Z_3_001_ทม_กำแพงเพชร_หน_วยเล_อกต_งท_35,ทม_กำแพงเพชร_20260507T101000Z_3_001_ทม_กำแพงเพชร_หน_วยเล_อกต_งท_35.pdf,,,กำแพงเพชร,ทม.กำแพงเพชร,,35.0,กำแพงเพชร,เมืองกำแพงเพชร,ในเมือง,,,,,,,,False,True,16.4839,99.5312,User-provided approximate tambon centroid,Tambon mapping from source folder/name; coordinates are approximate centroid/reference point not official GIS boundary,True,missing_markdown;missing_moo,0.35,True,True,True,True,True,,,,,,,False,ทม.กำแพงเพชร,ทม,กำแพงเพชร,35.0,,
ทม_กำแพงเพชร_20260507T101000Z_3_001_ทม_กำแพงเพชร_หน_วยเล_อกต_งท_36,ทม_กำแพงเพชร_20260507T101000Z_3_001_ทม_กำแพงเพชร_หน_วยเล_อกต_งท_36.pdf,,,กำแพงเพชร,ทม.กำแพงเพชร,,36.0,กำแพงเพชร,เมืองกำแพงเพชร,ในเมือง,,,,,,,,False,True,16.4839,99.5312,User-provided approximate tambon centroid,Tambon mapping from source folder/name; coordinates are approximate centroid/reference point not official GIS boundary,True,missing_markdown;missing_moo,0.35,True,True,True,True,True,,,,,,,False,ทม.กำแพงเพชร,ทม,กำแพงเพชร,36.0,,
ทม_กำแพงเพชร_20260507T101000Z_3_001_ทม_กำแพงเพชร_หน_วยเล_อกต_งท_37,ทม_กำแพงเพชร_20260507T101000Z_3_001_ทม_กำแพงเพชร_หน_วยเล_อกต_งท_37.pdf,,,กำแพงเพชร,ทม.กำแพงเพชร,,37.0,กำแพงเพชร,เมืองกำแพงเพชร,ในเมือง,,,,,,,,False,True,16.4839,99.5312,User-provided approximate tambon centroid,Tambon mapping from source folder/name; coordinates are approximate centroid/reference point not official GIS boundary,True,missing_markdown;missing_moo,0.35,True,True,True,True,True,,,,,,,False,ทม.กำแพงเพชร,ทม,กำแพงเพชร,37.0,,
ทม_กำแพงเพชร_20260507T101000Z_3_001_ทม_กำแพงเพชร_หน_วยเล_อกต_งท_4,ทม_กำแพงเพชร_20260507T101000Z_3_001_ทม_กำแพงเพชร_หน_วยเล_อกต_งท_4.pdf,,,กำแพงเพชร,ทม.กำแพงเพชร,,4.0,กำแพงเพชร,เมืองกำแพงเพชร,ในเมือง,,,,,,,,False,True,16.4839,99.5312,User-provided approximate tambon centroid,Tambon mapping from source folder/name; coordinates are approximate centroid/reference point not official GIS boundary,True,missing_markdown;missing_moo,0.35,True,True,True,True,True,,,,,,,False,ทม.กำแพงเพชร,ทม,กำแพงเพชร,4.0,,
ทม_กำแพงเพชร_20260507T101000Z_3_001_ทม_กำแพงเพชร_หน_วยเล_อกต_งท_5,ทม_กำแพงเพชร_20260507T101000Z_3_001_ทม_กำแพงเพชร_หน_วยเล_อกต_งท_5.pdf,,,กำแพงเพชร,ทม.กำแพงเพชร,,5.0,กำแพงเพชร,เมืองกำแพงเพชร,ในเมือง,,,,,,,,False,True,16.4839,99.5312,User-provided approximate tambon centroid,Tambon mapping from source folder/name; coordinates are approximate centroid/reference point not official GIS boundary,True,missing_markdown;missing_moo,0.35,True,True,True,True,True,,,,,,,False,ทม.กำแพงเพชร,ทม,กำแพงเพชร,5.0,,
ทม_กำแพงเพชร_20260507T101000Z_3_001_ทม_กำแพงเพชร_หน_วยเล_อกต_งท_6,ทม_กำแพงเพชร_20260507T101000Z_3_001_ทม_กำแพงเพชร_หน_วยเล_อกต_งท_6.pdf,,,กำแพงเพชร,ทม.กำแพงเพชร,,6.0,กำแพงเพชร,เมืองกำแพงเพชร,ในเมือง,,,,,,,,False,True,16.4839,99.5312,User-provided approximate tambon centroid,Tambon mapping from source folder/name; coordinates are approximate centroid/reference point not official GIS boundary,True,missing_markdown;missing_moo,0.35,True,True,True,True,True,,,,,,,False,ทม.กำแพงเพชร,ทม,กำแพงเพชร,6.0,,
ทม_กำแพงเพชร_20260507T101000Z_3_001_ทม_กำแพงเพชร_หน_วยเล_อกต_งท_9,ทม_กำแพงเพชร_20260507T101000Z_3_001_ทม_กำแพงเพชร_หน_วยเล_อกต_งท_9.pdf,,,กำแพงเพชร,ทม.กำแพงเพชร,,9.0,กำแพงเพชร,เมืองกำแพงเพชร,ในเมือง,,,,,,,,False,True,16.4839,99.5312,User-provided approximate tambon centroid,Tambon mapping from source folder/name; coordinates are approximate centroid/reference point not official GIS boundary,True,missing_markdown;missing_moo,0.35,True,True,True,True,True,,,,,,,False,ทม.กำแพงเพชร,ทม,กำแพงเพชร,9.0,,
ทม_หนองปล_ง_20260507T100958Z_3_001_ทม_หนองปล_ง_หน_วยท_10_0001,ทม_หนองปล_ง_20260507T100958Z_3_001_ทม_หนองปล_ง_หน_วยท_10_0001.pdf,,,หนองปลิง,ทม.หนองปลิง,,10.0,กำแพงเพชร,เมืองกำแพงเพชร,หนองปลิง,,,,,,,,False,True,16.51,99.52,User-provided approximate tambon centroid,Tambon mapping from source folder/name; coordinates are approximate centroid/reference point not official GIS boundary,True,missing_markdown;missing_moo,0.35,True,True,True,True,True,,,,,,,False,ทม.หนองปลิง,ทม,หนองปลิง,10.0,,
ทม_หนองปล_ง_20260507T100958Z_3_001_ทม_หนองปล_ง_หน_วยท_11_0001,ทม_หนองปล_ง_20260507T100958Z_3_001_ทม_หนองปล_ง_หน_วยท_11_0001.pdf,,,หนองปลิง,ทม.หนองปลิง,,11.0,กำแพงเพชร,เมืองกำแพงเพชร,หนองปลิง,,,,,,,,False,True,16.51,99.52,User-provided approximate tambon centroid,Tambon mapping from source folder/name; coordinates are approximate centroid/reference point not official GIS boundary,True,missing_markdown;missing_moo,0.35,True,True,True,True,True,,,,,,,False,ทม.หนองปลิง,ทม,หนองปลิง,11.0,,
ทม_หนองปล_ง_20260507T100958Z_3_001_ทม_หนองปล_ง_หน_วยท_12_0001,ทม_หนองปล_ง_20260507T100958Z_3_001_ทม_หนองปล_ง_หน_วยท_12_0001.pdf,,,หนองปลิง,ทม.หนองปลิง,,12.0,กำแพงเพชร,เมืองกำแพงเพชร,หนองปลิง,,,,,,,,False,True,16.51,99.52,User-provided approximate tambon centroid,Tambon mapping from source folder/name; coordinates are approximate centroid/reference point not official GIS boundary,True,missing_markdown;missing_moo,0.35,True,True,True,True,True,,,,,,,False,ทม.หนองปลิง,ทม,หนองปลิง,12.0,,
ทม_หนองปล_ง_20260507T100958Z_3_001_ทม_หนองปล_ง_หน_วยท_13_0001,ทม_หนองปล_ง_20260507T100958Z_3_001_ทม_หนองปล_ง_หน_วยท_13_0001.pdf,,,หนองปลิง,ทม.หนองปลิง,,13.0,กำแพงเพชร,เมืองกำแพงเพชร,หนองปลิง,,,,,,,,False,True,16.51,99.52,User-provided approximate tambon centroid,Tambon mapping from source folder/name; coordinates are approximate centroid/reference point not official GIS boundary,True,missing_markdown;missing_moo,0.35,True,True,True,True,True,,,,,,,False,ทม.หนองปลิง,ทม,หนองปลิง,13.0,,
ทม_หนองปล_ง_20260507T100958Z_3_001_ทม_หนองปล_ง_หน_วยท_14_0001,ทม_หนองปล_ง_20260507T100958Z_3_001_ทม_หนองปล_ง_หน_วยท_14_0001.pdf,,,หนองปลิง,ทม.หนองปลิง,,14.0,กำแพงเพชร,เมืองกำแพงเพชร,หนองปลิง,,,,,,,,False,True,16.51,99.52,User-provided approximate tambon centroid,Tambon mapping from source folder/name; coordinates are approximate centroid/reference point not official GIS boundary,True,missing_markdown;missing_moo,0.35,True,True,True,True,True,,,,,,,False,ทม.หนองปลิง,ทม,หนองปลิง,14.0,,
ทม_หนองปล_ง_20260507T100958Z_3_001_ทม_หนองปล_ง_หน_วยท_15_0001,ทม_หนองปล_ง_20260507T100958Z_3_001_ทม_หนองปล_ง_หน_วยท_15_0001.pdf,,,หนองปลิง,ทม.หนองปลิง,,15.0,กำแพงเพชร,เมืองกำแพงเพชร,หนองปลิง,,,,,,,,False,True,16.51,99.52,User-provided approximate tambon centroid,Tambon mapping from source folder/name; coordinates are approximate centroid/reference point not official GIS boundary,True,missing_markdown;missing_moo,0.35,True,True,True,True,True,,,,,,,False,ทม.หนองปลิง,ทม,หนองปลิง,15.0,,
ทม_หนองปล_ง_20260507T100958Z_3_001_ทม_หนองปล_ง_หน_วยท_16_0001,ทม_หนองปล_ง_20260507T100958Z_3_001_ทม_หนองปล_ง_หน_วยท_16_0001.pdf,,,หนองปลิง,ทม.หนองปลิง,,16.0,กำแพงเพชร,เมืองกำแพงเพชร,หนองปลิง,,,,,,,,False,True,16.51,99.52,User-provided approximate tambon centroid,Tambon mapping from source folder/name; coordinates are approximate centroid/reference point not official GIS boundary,True,missing_markdown;missing_moo,0.35,True,True,True,True,True,,,,,,,False,ทม.หนองปลิง,ทม,หนองปลิง,16.0,,
ทม_หนองปล_ง_20260507T100958Z_3_001_ทม_หนองปล_ง_หน_วยท_17_0001,ทม_หนองปล_ง_20260507T100958Z_3_001_ทม_หนองปล_ง_หน_วยท_17_0001.pdf,,,หนองปลิง,ทม.หนองปลิง,,17.0,กำแพงเพชร,เมืองกำแพงเพชร,หนองปลิง,,,,,,,,False,True,16.51,99.52,User-provided approximate tambon centroid,Tambon mapping from source folder/name; coordinates are approximate centroid/reference point not official GIS boundary,True,missing_markdown;missing_moo,0.35,True,True,True,True,True,,,,,,,False,ทม.หนองปลิง,ทม,หนองปลิง,17.0,,
ทม_หนองปล_ง_20260507T100958Z_3_001_ทม_หนองปล_ง_หน_วยท_1_0001,ทม_หนองปล_ง_20260507T100958Z_3_001_ทม_หนองปล_ง_หน_วยท_1_0001.pdf,,,หนองปลิง,ทม.หนองปลิง,,1.0,กำแพงเพชร,เมืองกำแพงเพชร,หนองปลิง,,,,,,,,False,True,16.51,99.52,User-provided approximate tambon centroid,Tambon mapping from source folder/name; coordinates are approximate centroid/reference point not official GIS boundary,True,missing_markdown;missing_moo,0.35,True,True,True,True,True,,,,,,,False,ทม.หนองปลิง,ทม,หนองปลิง,1.0,,
ทม_หนองปล_ง_20260507T100958Z_3_001_ทม_หนองปล_ง_หน_วยท_2_0001,ทม_หนองปล_ง_20260507T100958Z_3_001_ทม_หนองปล_ง_หน_วยท_2_0001.pdf,,,หนองปลิง,ทม.หนองปลิง,,2.0,กำแพงเพชร,เมืองกำแพงเพชร,หนองปลิง,,,,,,,,False,True,16.51,99.52,User-provided approximate tambon centroid,Tambon mapping from source folder/name; coordinates are approximate centroid/reference point not official GIS boundary,True,missing_markdown;missing_moo,0.35,True,True,True,True,True,,,,,,,False,ทม.หนองปลิง,ทม,หนองปลิง,2.0,,
ทม_หนองปล_ง_20260507T100958Z_3_001_ทม_หนองปล_ง_หน_วยท_3_0001,ทม_หนองปล_ง_20260507T100958Z_3_001_ทม_หนองปล_ง_หน_วยท_3_0001.pdf,,,หนองปลิง,ทม.หนองปลิง,,3.0,กำแพงเพชร,เมืองกำแพงเพชร,หนองปลิง,,,,,,,,False,True,16.51,99.52,User-provided approximate tambon centroid,Tambon mapping from source folder/name; coordinates are approximate centroid/reference point not official GIS boundary,True,missing_markdown;missing_moo,0.35,True,True,True,True,True,,,,,,,False,ทม.หนองปลิง,ทม,หนองปลิง,3.0,,
ทม_หนองปล_ง_20260507T100958Z_3_001_ทม_หนองปล_ง_หน_วยท_4_0001,ทม_หนองปล_ง_20260507T100958Z_3_001_ทม_หนองปล_ง_หน_วยท_4_0001.pdf,,,หนองปลิง,ทม.หนองปลิง,,4.0,กำแพงเพชร,เมืองกำแพงเพชร,หนองปลิง,,,,,,,,False,True,16.51,99.52,User-provided approximate tambon centroid,Tambon mapping from source folder/name; coordinates are approximate centroid/reference point not official GIS boundary,True,missing_markdown;missing_moo,0.35,True,True,True,True,True,,,,,,,False,ทม.หนองปลิง,ทม,หนองปลิง,4.0,,
ทม_หนองปล_ง_20260507T100958Z_3_001_ทม_หนองปล_ง_หน_วยท_5_0001,ทม_หนองปล_ง_20260507T100958Z_3_001_ทม_หนองปล_ง_หน_วยท_5_0001.pdf,,,หนองปลิง,ทม.หนองปลิง,,5.0,กำแพงเพชร,เมืองกำแพงเพชร,หนองปลิง,,,,,,,,False,True,16.51,99.52,User-provided approximate tambon centroid,Tambon mapping from source folder/name; coordinates are approximate centroid/reference point not official GIS boundary,True,missing_markdown;missing_moo,0.35,True,True,True,True,True,,,,,,,False,ทม.หนองปลิง,ทม,หนองปลิง,5.0,,
ทม_หนองปล_ง_20260507T100958Z_3_001_ทม_หนองปล_ง_หน_วยท_6_0001,ทม_หนองปล_ง_20260507T100958Z_3_001_ทม_หนองปล_ง_หน_วยท_6_0001.pdf,,,หนองปลิง,ทม.หนองปลิง,,6.0,กำแพงเพชร,เมืองกำแพงเพชร,หนองปลิง,,,,,,,,False,True,16.51,99.52,User-provided approximate tambon centroid,Tambon mapping from source folder/name; coordinates are approximate centroid/reference point not official GIS boundary,True,missing_markdown;missing_moo,0.35,True,True,True,True,True,,,,,,,False,ทม.หนองปลิง,ทม,หนองปลิง,6.0,,
ทม_หนองปล_ง_20260507T100958Z_3_001_ทม_หนองปล_ง_หน_วยท_7_0001,ทม_หนองปล_ง_20260507T100958Z_3_001_ทม_หนองปล_ง_หน_วยท_7_0001.pdf,,,หนองปลิง,ทม.หนองปลิง,,7.0,กำแพงเพชร,เมืองกำแพงเพชร,หนองปลิง,,,,,,,,False,True,16.51,99.52,User-provided approximate tambon centroid,Tambon mapping from source folder/name; coordinates are approximate centroid/reference point not official GIS boundary,True,missing_markdown;missing_moo,0.35,True,True,True,True,True,,,,,,,False,ทม.หนองปลิง,ทม,หนองปลิง,7.0,,
ทม_หนองปล_ง_20260507T100958Z_3_001_ทม_หนองปล_ง_หน_วยท_8_0001,ทม_หนองปล_ง_20260507T100958Z_3_001_ทม_หนองปล_ง_หน_วยท_8_0001.pdf,,,หนองปลิง,ทม.หนองปลิง,,8.0,กำแพงเพชร,เมืองกำแพงเพชร,หนองปลิง,,,,,,,,False,True,16.51,99.52,User-provided approximate tambon centroid,Tambon mapping from source folder/name; coordinates are approximate centroid/reference point not official GIS boundary,True,missing_markdown;missing_moo,0.35,True,True,True,True,True,,,,,,,False,ทม.หนองปลิง,ทม,หนองปลิง,8.0,,
ทม_หนองปล_ง_20260507T100958Z_3_001_ทม_หนองปล_ง_หน_วยท_9_0001,ทม_หนองปล_ง_20260507T100958Z_3_001_ทม_หนองปล_ง_หน_วยท_9_0001.pdf,,,หนองปลิง,ทม.หนองปลิง,,9.0,กำแพงเพชร,เมืองกำแพงเพชร,หนองปลิง,,,,,,,,False,True,16.51,99.52,User-provided approximate tambon centroid,Tambon mapping from source folder/name; coordinates are approximate centroid/reference point not official GIS boundary,True,missing_markdown;missing_moo,0.35,True,True,True,True,True,,,,,,,False,ทม.หนองปลิง,ทม,หนองปลิง,9.0,,
ทม_กำแพงเพชร_20260507T101000Z_3_001_ทม_กำแพงเพชร_หน_วยเล_อกต_งท_7,ทม_กำแพงเพชร_20260507T101000Z_3_001_ทม_กำแพงเพชร_หน_วยเล_อกต_งท_7.pdf,,,กำแพงเพชร,ทม.กำแพงเพชร,,7.0,กำแพงเพชร,เมืองกำแพงเพชร,ในเมือง,,,,,,,,False,True,16.4839,99.5312,User-provided approximate tambon centroid,Tambon mapping from source folder/name; coordinates are approximate centroid/reference point not official GIS boundary,True,missing_markdown;missing_moo,0.35,True,True,True,True,True,,,,,,,False,ทม.กำแพงเพชร,ทม,กำแพงเพชร,7.0,,
ทม_กำแพงเพชร_20260507T101000Z_3_001_ทม_กำแพงเพชร_หน_วยเล_อกต_งท_8,ทม_กำแพงเพชร_20260507T101000Z_3_001_ทม_กำแพงเพชร_หน_วยเล_อกต_งท_8.pdf,,,กำแพงเพชร,ทม.กำแพงเพชร,,8.0,กำแพงเพชร,เมืองกำแพงเพชร,ในเมือง,,,,,,,,False,True,16.4839,99.5312,User-provided approximate tambon centroid,Tambon mapping from source folder/name; coordinates are approximate centroid/reference point not official GIS boundary,True,missing_markdown;missing_moo,0.35,True,True,True,True,True,,,,,,,False,ทม.กำแพงเพชร,ทม,กำแพงเพชร,8.0,,
ตำบลอ_างทอง_หน_วยท_10_0001,ตำบลอ_างทอง_หน_วยท_10_0001.pdf,กรุงเทพฯ,เมือง,สำนอง,ตำบลอ่างทอง,7.0,10.0,กำแพงเพชร,เมืองกำแพงเพชร,อ่างทอง,,,,,,,,False,True,16.3442,99.5196,User-provided approximate tambon centroid,Tambon mapping from source folder/name; coordinates are approximate centroid/reference point not official GIS boundary,True,locality_mismatch;province_ocr_unreliable,0.55,True,False,False,True,False,10.0,7.0,สำนอง,เมือง,1.0,กรุงเทพฯ,True,ตำบลอ่างทอง,,ตำบลอ่างทอง,10.0,ตำบลอ่างทอง,C:\Users\Neo\Downloads\ocr_dsde\data\raw_pdf\ตำบลอ่างทอง\หน่วยที่ 10_0001.pdf
ตำบลอ_างทอง_หน_วยท_11_0001,ตำบลอ_างทอง_หน_วยท_11_0001.pdf,กำแพงเพชร,เมือง,อ่างทอง,ตำบลอ่างทอง,8.0,11.0,กำแพงเพชร,เมืองกำแพงเพชร,อ่างทอง,,,,,,,,False,True,16.3442,99.5196,User-provided approximate tambon centroid,Tambon mapping from source folder/name; coordinates are approximate centroid/reference point not official GIS boundary,False,,0.9,True,True,True,True,False,11.0,8.0,อ่างทอง,เมือง,1.0,กำแพงเพชร,True,ตำบลอ่างทอง,,ตำบลอ่างทอง,11.0,ตำบลอ่างทอง,C:\Users\Neo\Downloads\ocr_dsde\data\raw_pdf\ตำบลอ่างทอง\หน่วยที่ 11_0001.pdf
ตำบลอ_างทอง_หน_วยท_12_0001,ตำบลอ_างทอง_หน_วยท_12_0001.pdf,กรุงเทพฯ,เมือง,อ่างทอง,ตำบลอ่างทอง,9.0,12.0,กำแพงเพชร,เมืองกำแพงเพชร,อ่างทอง,,,,,,,,False,True,16.3442,99.5196,User-provided approximate tambon centroid,Tambon mapping from source folder/name; coordinates are approximate centroid/reference point not official GIS boundary,True,province_ocr_unreliable,0.55,True,True,False,True,False,12.0,9.0,อ่างทอง,เมือง,1.0,กรุงเทพฯ,True,ตำบลอ่างทอง,,ตำบลอ่างทอง,12.0,ตำบลอ่างทอง,C:\Users\Neo\Downloads\ocr_dsde\data\raw_pdf\ตำบลอ่างทอง\หน่วยที่ 12_0001.pdf
ตำบลอ_างทอง_หน_วยท_13_0001,ตำบลอ_างทอง_หน_วยท_13_0001.pdf,กรุงเทพมหานคร,เมือง,อ่างทอง,ตำบลอ่างทอง,9.0,13.0,กำแพงเพชร,เมืองกำแพงเพชร,อ่างทอง,,,,,,,,False,True,16.3442,99.5196,User-provided approximate tambon centroid,Tambon mapping from source folder/name; coordinates are approximate centroid/reference point not official GIS boundary,True,province_ocr_unreliable,0.55,True,True,False,True,False,13.0,9.0,อ่างทอง,เมือง,13.0,กรุงเทพมหานคร,True,ตำบลอ่างทอง,,ตำบลอ่างทอง,13.0,ตำบลอ่างทอง,C:\Users\Neo\Downloads\ocr_dsde\data\raw_pdf\ตำบลอ่างทอง\หน่วยที่ 13_0001.pdf
ตำบลอ_างทอง_หน_วยท_14_0001,ตำบลอ_างทอง_หน_วยท_14_0001.pdf,กำแพงเพชร,เมือง,อ่างทอง,ตำบลอ่างทอง,10.0,14.0,กำแพงเพชร,เมืองกำแพงเพชร,อ่างทอง,,,,,,,,False,True,16.3442,99.5196,User-provided approximate tambon centroid,Tambon mapping from source folder/name; coordinates are approximate centroid/reference point not official GIS boundary,False,,0.9,True,True,True,True,False,14.0,10.0,อ่างทอง,เมือง,1.0,กำแพงเพชร,True,ตำบลอ่างทอง,,ตำบลอ่างทอง,14.0,ตำบลอ่างทอง,C:\Users\Neo\Downloads\ocr_dsde\data\raw_pdf\ตำบลอ่างทอง\หน่วยที่ 14_0001.pdf
ตำบลอ_างทอง_หน_วยท_15_0001,ตำบลอ_างทอง_หน_วยท_15_0001.pdf,กำแพงเพชร,เมือง,อ่างทอง,ตำบลอ่างทอง,11.0,15.0,กำแพงเพชร,เมืองกำแพงเพชร,อ่างทอง,,,,,,,,False,True,16.3442,99.5196,User-provided approximate tambon centroid,Tambon mapping from source folder/name; coordinates are approximate centroid/reference point not official GIS boundary,False,,0.9,True,True,True,True,False,15.0,11.0,อ่างทอง,เมือง,1.0,กำแพงเพชร,True,ตำบลอ่างทอง,,ตำบลอ่างทอง,15.0,ตำบลอ่างทอง,C:\Users\Neo\Downloads\ocr_dsde\data\raw_pdf\ตำบลอ่างทอง\หน่วยที่ 15_0001.pdf
ตำบลอ_างทอง_หน_วยท_16_0001,ตำบลอ_างทอง_หน_วยท_16_0001.pdf,กำแพงเพชร,เมือง,อ่างทอง,ตำบลอ่างทอง,11.0,16.0,กำแพงเพชร,เมืองกำแพงเพชร,อ่างทอง,,,,,,,,False,True,16.3442,99.5196,User-provided approximate tambon centroid,Tambon mapping from source folder/name; coordinates are approximate centroid/reference point not official GIS boundary,False,,0.9,True,True,True,True,False,16.0,11.0,อ่างทอง,เมือง,1.0,กำแพงเพชร,True,ตำบลอ่างทอง,,ตำบลอ่างทอง,16.0,ตำบลอ่างทอง,C:\Users\Neo\Downloads\ocr_dsde\data\raw_pdf\ตำบลอ่างทอง\หน่วยที่ 16_0001.pdf
ตำบลอ_างทอง_หน_วยท_17_0001,ตำบลอ_างทอง_หน_วยท_17_0001.pdf,,เมือง,ตำบลอ่างทอง,ตำบลอ่างทอง,,17.0,กำแพงเพชร,เมืองกำแพงเพชร,อ่างทอง,,,,,,,,False,True,16.3442,99.5196,User-provided approximate tambon centroid,Tambon mapping from source folder/name; coordinates are approximate centroid/reference point not official GIS boundary,True,missing_moo,0.55,True,True,True,True,True,,,,เมือง,,,True,ตำบลอ่างทอง,,ตำบลอ่างทอง,17.0,ตำบลอ่างทอง,C:\Users\Neo\Downloads\ocr_dsde\data\raw_pdf\ตำบลอ่างทอง\หน่วยที่ 17_0001.pdf
ตำบลอ_างทอง_หน_วยท_19_0001,ตำบลอ_างทอง_หน_วยท_19_0001.pdf,เชียงใหม่,"เชียงราย จังหวัด เชียงใหม่ เสร็จสิ้นเป็นที่เรียบร้อยแล้ว ดังนั้น จึงขอรายงานผลการนับคะแนนของ หน่วยเลือกตั้งดังกล่าว ดังนี้ **1. จำนวนผู้มีสิทธิเลือกตั้ง** 1.1 จำนวนผู้มีสิทธิเลือกตั้งตามบัญชีรายชื่อผู้มีสิทธิเลือกตั้ง จำนวน 720 คน (เชิงรุ่งยืนคน) 1.2 จำนวนผู้มีสิทธิเลือกตั้งที่มาแสดงตน (เฉพาะวันเลือกตั้ง) จำนวน 364 คน (สามร้อยหกสี่คน) **2. จำนวนบัตรเลือกตั้ง** 2.1 จำนวนบัตรเลือกตั้งที่ได้รับจัดสรร จำนวน 700 บัตร (เจ็ดร้อยบาทถ้วน) 2.2 จำนวนบัตรเลือกตั้งที่ใช้ จำนวน 364 บัตร (สามร้อยหกสี่บาทถ้วน) 2.2.1 บัตรดี จำนวน 320 บัตร (สามร้อยสองสิบบาทถ้วน) 2.2.2 บัตรเสีย จำนวน 27 บัตร (สองสิบบาทถ้วน) 2.2.3 บัตรที่ไม่เลือกผู้สมัครผู้ใด จำนวน 17 บัตร (สิบเอ็ดบาทถ้วน) 2.3 จำนวนบัตรเลือกตั้งที่เหลือ จำนวน 336 บัตร (สามร้อย三สิบบาทถ้วน) **3. จำนวนคะแนนที่ผู้สมัครรับเลือกตั้งแต่ละคนได้รับเรียงตามลำดับหมายเลขประจำตัวผู้สมัคร** <table><tr><td>หมายเลขประจำตัว<br/>ผู้สมัคร</td><td>ชื่อตัว - ชื่อสกุล<br/>ผู้สมัครรับเลือกตั้ง</td><td>พรรคการเมือง</td><td>ได้คะแนน<br/>(ให้กรอกทั้งตัวเลขและตัวอักษร)</td></tr><tr><td>1</td><td>นางสาวนันทิตา โต๊ะดอนทอง</td><td>พรรคประชาธิปัตย์</td><td>22 (แปดร้อยสองบาทถ้วน)</td></tr><tr><td>2</td><td>นายไผ่ ลิกค์</td><td>พรรคคล้าธรรม</td><td>180 (หนึ่งร้อยแปดสิบบาทถ้วน)</td></tr><tr><td>3</td><td>นายพิบูลย์<br/>รื่นสันต์ ทรายทองวัฒนา</td><td>พรรคเศรษฐกิจ</td><td>6 (หกบาทถ้วน)</td></tr><tr><td>4</td><td>นายปริญวัฒน์ ทวีกิจศิรพงษ์</td><td>พรรคประชาชน</td><td>95 (เก้าสิบห้าบาทถ้วน)</td></tr><tr><td>5</td><td>นายชัยพันธ์ ศรีคชไกร</td><td>พรรคเพื่อไทย</td><td>6 (หกบาทถ้วน)</td></tr><tr><td>6</td><td>ประกาศไม่รับสมัคร</td><td></td><td></td></tr><tr><td>7</td><td>นายศรสิน อินทะชัย</td><td>พรรคภูมิใจไทย</td><td>11 (สิบเอ็ดบาทถ้วน)</td></tr><tr><td colspan=""3"">รวมคะแนนทั้งสิ้น</td><td>329 (สามร้อยสองสิบบาทถ้วน)</td></tr></table> --- Page 2 (ตำบลอ_างทอง_หน_วยท_19_0001_page2.png) --- ส.ส. 5/18 สีขาว ชุดที่ 1 เก็บไว้ในเล่มเพื่อส่งคณะกรรมการการเลือกตั้งประจำ",ตำบลอ่างทอง,ตำบลอ่างทอง,14.0,19.0,กำแพงเพชร,เมืองกำแพงเพชร,อ่างทอง,,,,,,,,False,True,16.3442,99.5196,User-provided approximate tambon centroid,Tambon mapping from source folder/name; coordinates are approximate centroid/reference point not official GIS boundary,True,province_ocr_unreliable,0.55,True,True,False,True,False,19.0,14.0,,"เชียงราย จังหวัด เชียงใหม่ เสร็จสิ้นเป็นที่เรียบร้อยแล้ว ดังนั้น จึงขอรายงานผลการนับคะแนนของ หน่วยเลือกตั้งดังกล่าว ดังนี้ **1. จำนวนผู้มีสิทธิเลือกตั้ง** 1.1 จำนวนผู้มีสิทธิเลือกตั้งตามบัญชีรายชื่อผู้มีสิทธิเลือกตั้ง จำนวน 720 คน (เชิงรุ่งยืนคน) 1.2 จำนวนผู้มีสิทธิเลือกตั้งที่มาแสดงตน (เฉพาะวันเลือกตั้ง) จำนวน 364 คน (สามร้อยหกสี่คน) **2. จำนวนบัตรเลือกตั้ง** 2.1 จำนวนบัตรเลือกตั้งที่ได้รับจัดสรร จำนวน 700 บัตร (เจ็ดร้อยบาทถ้วน) 2.2 จำนวนบัตรเลือกตั้งที่ใช้ จำนวน 364 บัตร (สามร้อยหกสี่บาทถ้วน) 2.2.1 บัตรดี จำนวน 320 บัตร (สามร้อยสองสิบบาทถ้วน) 2.2.2 บัตรเสีย จำนวน 27 บัตร (สองสิบบาทถ้วน) 2.2.3 บัตรที่ไม่เลือกผู้สมัครผู้ใด จำนวน 17 บัตร (สิบเอ็ดบาทถ้วน) 2.3 จำนวนบัตรเลือกตั้งที่เหลือ จำนวน 336 บัตร (สามร้อย三สิบบาทถ้วน) **3. จำนวนคะแนนที่ผู้สมัครรับเลือกตั้งแต่ละคนได้รับเรียงตามลำดับหมายเลขประจำตัวผู้สมัคร** <table><tr><td>หมายเลขประจำตัว<br/>ผู้สมัคร</td><td>ชื่อตัว - ชื่อสกุล<br/>ผู้สมัครรับเลือกตั้ง</td><td>พรรคการเมือง</td><td>ได้คะแนน<br/>(ให้กรอกทั้งตัวเลขและตัวอักษร)</td></tr><tr><td>1</td><td>นางสาวนันทิตา โต๊ะดอนทอง</td><td>พรรคประชาธิปัตย์</td><td>22 (แปดร้อยสองบาทถ้วน)</td></tr><tr><td>2</td><td>นายไผ่ ลิกค์</td><td>พรรคคล้าธรรม</td><td>180 (หนึ่งร้อยแปดสิบบาทถ้วน)</td></tr><tr><td>3</td><td>นายพิบูลย์<br/>รื่นสันต์ ทรายทองวัฒนา</td><td>พรรคเศรษฐกิจ</td><td>6 (หกบาทถ้วน)</td></tr><tr><td>4</td><td>นายปริญวัฒน์ ทวีกิจศิรพงษ์</td><td>พรรคประชาชน</td><td>95 (เก้าสิบห้าบาทถ้วน)</td></tr><tr><td>5</td><td>นายชัยพันธ์ ศรีคชไกร</td><td>พรรคเพื่อไทย</td><td>6 (หกบาทถ้วน)</td></tr><tr><td>6</td><td>ประกาศไม่รับสมัคร</td><td></td><td></td></tr><tr><td>7</td><td>นายศรสิน อินทะชัย</td><td>พรรคภูมิใจไทย</td><td>11 (สิบเอ็ดบาทถ้วน)</td></tr><tr><td colspan=""3"">รวมคะแนนทั้งสิ้น</td><td>329 (สามร้อยสองสิบบาทถ้วน)</td></tr></table> --- Page 2 (ตำบลอ_างทอง_หน_วยท_19_0001_page2.png) --- ส.ส. 5/18 สีขาว ชุดที่ 1 เก็บไว้ในเล่มเพื่อส่งคณะกรรมการการเลือกตั้งประจำ",,เชียงใหม่,True,ตำบลอ่างทอง,,ตำบลอ่างทอง,19.0,ตำบลอ่างทอง,C:\Users\Neo\Downloads\ocr_dsde\data\raw_pdf\ตำบลอ่างทอง\หน่วยที่ 19_0001.pdf
ตำบลอ_างทอง_หน_วยท_1_0001,ตำบลอ_างทอง_หน_วยท_1_0001.pdf,กำแพงเพชร,เมือง,อ่างทอง,ตำบลอ่างทอง,1.0,1.0,กำแพงเพชร,เมืองกำแพงเพชร,อ่างทอง,,,,,,,,False,True,16.3442,99.5196,User-provided approximate tambon centroid,Tambon mapping from source folder/name; coordinates are approximate centroid/reference point not official GIS boundary,False,,0.9,True,True,True,True,False,1.0,1.0,อ่างทอง,เมือง,1.0,กำแพงเพชร,True,ตำบลอ่างทอง,,ตำบลอ่างทอง,1.0,ตำบลอ่างทอง,C:\Users\Neo\Downloads\ocr_dsde\data\raw_pdf\ตำบลอ่างทอง\หน่วยที่ 1_0001.pdf
ตำบลอ_างทอง_หน_วยท_20_0001,ตำบลอ_างทอง_หน_วยท_20_0001.pdf,สำเนา สร์จสิ้นเป็นที่เรียบร้อยแล้ว ดังนั,เมือง เช็ค,ตำบลอ่างทอง,ตำบลอ่างทอง,,20.0,กำแพงเพชร,เมืองกำแพงเพชร,อ่างทอง,,,,,,,,False,True,16.3442,99.5196,User-provided approximate tambon centroid,Tambon mapping from source folder/name; coordinates are approximate centroid/reference point not official GIS boundary,True,province_ocr_unreliable;missing_moo,0.55,True,True,False,True,True,,,,เมือง เช็ค,,สำเนา สร์จสิ้นเป็นที่เรียบร้อยแล้ว ดังนั,True,ตำบลอ่างทอง,,ตำบลอ่างทอง,20.0,ตำบลอ่างทอง,C:\Users\Neo\Downloads\ocr_dsde\data\raw_pdf\ตำบลอ่างทอง\หน่วยที่ 20_0001.pdf
ตำบลอ_างทอง_หน_วยท_22_0001,ตำบลอ_างทอง_หน_วยท_22_0001.pdf,กำแพงเพชร,เมือง,อ่างทอง,ตำบลอ่างทอง,17.0,22.0,กำแพงเพชร,เมืองกำแพงเพชร,อ่างทอง,,,,,,,,False,True,16.3442,99.5196,User-provided approximate tambon centroid,Tambon mapping from source folder/name; coordinates are approximate centroid/reference point not official GIS boundary,False,,0.9,True,True,True,True,False,22.0,17.0,อ่างทอง,เมือง,1.0,กำแพงเพชร,True,ตำบลอ่างทอง,,ตำบลอ่างทอง,22.0,ตำบลอ่างทอง,C:\Users\Neo\Downloads\ocr_dsde\data\raw_pdf\ตำบลอ่างทอง\หน่วยที่ 22_0001.pdf
ตำบลอ_างทอง_หน_วยท_23_0001,ตำบลอ_างทอง_หน_วยท_23_0001.pdf,กรุงเทพมหานคร,เมือง,อ่างทอง,ตำบลอ่างทอง,18.0,23.0,กำแพงเพชร,เมืองกำแพงเพชร,อ่างทอง,,,,,,,,False,True,16.3442,99.5196,User-provided approximate tambon centroid,Tambon mapping from source folder/name; coordinates are approximate centroid/reference point not official GIS boundary,True,province_ocr_unreliable,0.55,True,True,False,True,False,23.0,18.0,อ่างทอง,เมือง,1.0,กรุงเทพมหานคร,True,ตำบลอ่างทอง,,ตำบลอ่างทอง,23.0,ตำบลอ่างทอง,C:\Users\Neo\Downloads\ocr_dsde\data\raw_pdf\ตำบลอ่างทอง\หน่วยที่ 23_0001.pdf
ตำบลอ_างทอง_หน_วยท_24_0001,ตำบลอ_างทอง_หน_วยท_24_0001.pdf,กำแพงเพชร,เมือง,อ่างทอง,ตำบลอ่างทอง,19.0,24.0,กำแพงเพชร,เมืองกำแพงเพชร,อ่างทอง,,,,,,,,False,True,16.3442,99.5196,User-provided approximate tambon centroid,Tambon mapping from source folder/name; coordinates are approximate centroid/reference point not official GIS boundary,False,,0.9,True,True,True,True,False,24.0,19.0,อ่างทอง,เมือง,1.0,กำแพงเพชร,True,ตำบลอ่างทอง,,ตำบลอ่างทอง,24.0,ตำบลอ่างทอง,C:\Users\Neo\Downloads\ocr_dsde\data\raw_pdf\ตำบลอ่างทอง\หน่วยที่ 24_0001.pdf
ตำบลอ_างทอง_หน_วยท_25_0001,ตำบลอ_างทอง_หน_วยท_25_0001.pdf,กำแพงเพชร,เชียงราย,อ่างทอง,ตำบลอ่างทอง,20.0,25.0,กำแพงเพชร,เมืองกำแพงเพชร,อ่างทอง,,,,,,,,False,True,16.3442,99.5196,User-provided approximate tambon centroid,Tambon mapping from source folder/name; coordinates are approximate centroid/reference point not official GIS boundary,True,district_ocr_unreliable,0.55,True,True,True,False,False,25.0,20.0,อ่างทอง,เชียงราย,1.0,กำแพงเพชร,True,ตำบลอ่างทอง,,ตำบลอ่างทอง,25.0,ตำบลอ่างทอง,C:\Users\Neo\Downloads\ocr_dsde\data\raw_pdf\ตำบลอ่างทอง\หน่วยที่ 25_0001.pdf
ตำบลอ_างทอง_หน_วยท_26_0001,ตำบลอ_างทอง_หน_วยท_26_0001.pdf,กรุงเทพมหานคร สำหรับสิ้นเป็นที่เรียบร้อย,เมือง,อ่างทอง,ตำบลอ่างทอง,21.0,26.0,กำแพงเพชร,เมืองกำแพงเพชร,อ่างทอง,,,,,,,,False,True,16.3442,99.5196,User-provided approximate tambon centroid,Tambon mapping from source folder/name; coordinates are approximate centroid/reference point not official GIS boundary,True,province_ocr_unreliable,0.55,True,True,False,True,False,26.0,21.0,อ่างทอง,เมือง,1.0,กรุงเทพมหานคร สำหรับสิ้นเป็นที่เรียบร้อย,True,ตำบลอ่างทอง,,ตำบลอ่างทอง,26.0,ตำบลอ่างทอง,C:\Users\Neo\Downloads\ocr_dsde\data\raw_pdf\ตำบลอ่างทอง\หน่วยที่ 26_0001.pdf
ตำบลอ_างทอง_หน_วยท_2_0001,ตำบลอ_างทอง_หน_วยท_2_0001.pdf,กำแพงเพชร,เมือง,ค่างทอง,ตำบลอ่างทอง,2.0,2.0,กำแพงเพชร,เมืองกำแพงเพชร,อ่างทอง,,,,,,,,False,True,16.3442,99.5196,User-provided approximate tambon centroid,Tambon mapping from source folder/name; coordinates are approximate centroid/reference point not official GIS boundary,True,locality_mismatch,0.55,True,False,True,True,False,2.0,2.0,ค่างทอง,เมือง,1.0,กำแพงเพชร,True,ตำบลอ่างทอง,,ตำบลอ่างทอง,2.0,ตำบลอ่างทอง,C:\Users\Neo\Downloads\ocr_dsde\data\raw_pdf\ตำบลอ่างทอง\หน่วยที่ 2_0001.pdf
ตำบลอ_างทอง_หน_วยท_3_0001,ตำบลอ_างทอง_หน_วยท_3_0001.pdf,กำแพงเพชร,เมือง,อ่างทอง,ตำบลอ่างทอง,,3.0,กำแพงเพชร,เมืองกำแพงเพชร,อ่างทอง,,,,,,,,False,True,16.3442,99.5196,User-provided approximate tambon centroid,Tambon mapping from source folder/name; coordinates are approximate centroid/reference point not official GIS boundary,True,missing_moo,0.55,True,True,True,True,True,,,อ่างทอง,เมือง,,กำแพงเพชร,True,ตำบลอ่างทอง,,ตำบลอ่างทอง,3.0,ตำบลอ่างทอง,C:\Users\Neo\Downloads\ocr_dsde\data\raw_pdf\ตำบลอ่างทอง\หน่วยที่ 3_0001.pdf
ตำบลอ_างทอง_หน_วยท_4_0001,ตำบลอ_างทอง_หน_วยท_4_0001.pdf,กรุงเทพฯ ใส่รีจสิ้นเป็นที่เรียบร้อยแล้ว,เมืองกำแพงเพชร,อ่างทอง,ตำบลอ่างทอง,3.0,4.0,กำแพงเพชร,เมืองกำแพงเพชร,อ่างทอง,,,,,,,,False,True,16.3442,99.5196,User-provided approximate tambon centroid,Tambon mapping from source folder/name; coordinates are approximate centroid/reference point not official GIS boundary,True,province_ocr_unreliable,0.55,True,True,False,True,False,4.0,3.0,อ่างทอง,เมืองกำแพงเพชร,1.0,กรุงเทพฯ ใส่รีจสิ้นเป็นที่เรียบร้อยแล้ว,True,ตำบลอ่างทอง,,ตำบลอ่างทอง,4.0,ตำบลอ่างทอง,C:\Users\Neo\Downloads\ocr_dsde\data\raw_pdf\ตำบลอ่างทอง\หน่วยที่ 4_0001.pdf
ตำบลอ_างทอง_หน_วยท_5_0001,ตำบลอ_างทอง_หน_วยท_5_0001.pdf,กำแพงเพชร,เมือง,อ่างทอง,ตำบลอ่างทอง,4.0,5.0,กำแพงเพชร,เมืองกำแพงเพชร,อ่างทอง,,,,,,,,False,True,16.3442,99.5196,User-provided approximate tambon centroid,Tambon mapping from source folder/name; coordinates are approximate centroid/reference point not official GIS boundary,False,,0.9,True,True,True,True,False,5.0,4.0,อ่างทอง,เมือง,1.0,กำแพงเพชร,True,ตำบลอ่างทอง,,ตำบลอ่างทอง,5.0,ตำบลอ่างทอง,C:\Users\Neo\Downloads\ocr_dsde\data\raw_pdf\ตำบลอ่างทอง\หน่วยที่ 5_0001.pdf
ตำบลอ_างทอง_หน_วยท_6_0001,ตำบลอ_างทอง_หน_วยท_6_0001.pdf,กำแพงเพชร,เมือง,ตำบลอ่างทอง,ตำบลอ่างทอง,4.0,6.0,กำแพงเพชร,เมืองกำแพงเพชร,อ่างทอง,,,,,,,,False,True,16.3442,99.5196,User-provided approximate tambon centroid,Tambon mapping from source folder/name; coordinates are approximate centroid/reference point not official GIS boundary,False,,0.9,True,True,True,True,False,,4.0,,เมือง,,กำแพงเพชร,True,ตำบลอ่างทอง,,ตำบลอ่างทอง,6.0,ตำบลอ่างทอง,C:\Users\Neo\Downloads\ocr_dsde\data\raw_pdf\ตำบลอ่างทอง\หน่วยที่ 6_0001.pdf
ตำบลอ_างทอง_หน_วยท_7_0001,ตำบลอ_างทอง_หน_วยท_7_0001.pdf,กำแพงเพชร,เมือง,อ่างทอง,ตำบลอ่างทอง,5.0,7.0,กำแพงเพชร,เมืองกำแพงเพชร,อ่างทอง,,,,,,,,False,True,16.3442,99.5196,User-provided approximate tambon centroid,Tambon mapping from source folder/name; coordinates are approximate centroid/reference point not official GIS boundary,False,,0.9,True,True,True,True,False,,5.0,อ่างทอง,เมือง,,กำแพงเพชร,True,ตำบลอ่างทอง,,ตำบลอ่างทอง,7.0,ตำบลอ่างทอง,C:\Users\Neo\Downloads\ocr_dsde\data\raw_pdf\ตำบลอ่างทอง\หน่วยที่ 7_0001.pdf
ตำบลอ_างทอง_หน_วยท_8_0001,ตำบลอ_างทอง_หน_วยท_8_0001.pdf,กำแพงเพชร,เมือง,อ่างทอง,ตำบลอ่างทอง,5.0,8.0,กำแพงเพชร,เมืองกำแพงเพชร,อ่างทอง,,,,,,,,False,True,16.3442,99.5196,User-provided approximate tambon centroid,Tambon mapping from source folder/name; coordinates are approximate centroid/reference point not official GIS boundary,False,,0.9,True,True,True,True,False,8.0,5.0,อ่างทอง,เมือง,1.0,กำแพงเพชร,True,ตำบลอ่างทอง,,ตำบลอ่างทอง,8.0,ตำบลอ่างทอง,C:\Users\Neo\Downloads\ocr_dsde\data\raw_pdf\ตำบลอ่างทอง\หน่วยที่ 8_0001.pdf
ตำบลอ_างทอง_หน_วยท_9_0001,ตำบลอ_างทอง_หน_วยท_9_0001.pdf,กรุงเทพมหานคร,เมืองฯ,อ่างทอง,ตำบลอ่างทอง,2.0,9.0,กำแพงเพชร,เมืองกำแพงเพชร,อ่างทอง,,,,,,,,False,True,16.3442,99.5196,User-provided approximate tambon centroid,Tambon mapping from source folder/name; coordinates are approximate centroid/reference point not official GIS boundary,True,province_ocr_unreliable,0.55,True,True,False,True,False,9.0,2.0,อ่างทอง,เมืองฯ,1.0,กรุงเทพมหานคร,True,ตำบลอ่างทอง,,ตำบลอ่างทอง,9.0,ตำบลอ่างทอง,C:\Users\Neo\Downloads\ocr_dsde\data\raw_pdf\ตำบลอ่างทอง\หน่วยที่ 9_0001.pdf
ทต_คลองแม_ลาย_หน_วยเล_อกต_งท_1,ทต_คลองแม_ลาย_หน_วยเล_อกต_งท_1.pdf,กรุงเทพมหานคร,เมือง,คลองสามวา,ทต.คลองแม่ลาย,1.0,1.0,กำแพงเพชร,เมืองกำแพงเพชร,คลองแม่ลาย,,,,,,,,False,True,16.4047,99.42,User-provided approximate tambon centroid,Tambon mapping from source folder/name; coordinates are approximate centroid/reference point not official GIS boundary,True,locality_mismatch;province_ocr_unreliable,0.55,True,False,False,True,False,1.0,1.0,คลองสามวา,เมือง,1.0,กรุงเทพมหานคร,True,ทต.คลองแม่ลาย,ทต,คลองแม่ลาย,1.0,ทต.คลองแม่ลาย,C:\Users\Neo\Downloads\ocr_dsde\data\raw_pdf\ทต.คลองแม่ลาย\หน่วยเลือกตั้งที่ 1.pdf
ทต_คลองแม_ลาย_หน_วยเล_อกต_งท_2,ทต_คลองแม_ลาย_หน_วยเล_อกต_งท_2.pdf,กำแพงเพชร,เมืองฯ,คลองแม่สาย,ทต.คลองแม่ลาย,3.0,2.0,กำแพงเพชร,เมืองกำแพงเพชร,คลองแม่ลาย,,,,,,,,False,True,16.4047,99.42,User-provided approximate tambon centroid,Tambon mapping from source folder/name; coordinates are approximate centroid/reference point not official GIS boundary,True,locality_mismatch,0.55,True,False,True,True,False,2.0,3.0,คลองแม่สาย,เมืองฯ,1.0,กำแพงเพชร,True,ทต.คลองแม่ลาย,ทต,คลองแม่ลาย,2.0,ทต.คลองแม่ลาย,C:\Users\Neo\Downloads\ocr_dsde\data\raw_pdf\ทต.คลองแม่ลาย\หน่วยเลือกตั้งที่ 2.pdf
ทต_คลองแม_ลาย_หน_วยเล_อกต_งท_3,ทต_คลองแม_ลาย_หน_วยเล_อกต_งท_3.pdf,กำแพงเพชร,เมืองฯ,คลองแม่ลาย,ทต.คลองแม่ลาย,3.0,3.0,กำแพงเพชร,เมืองกำแพงเพชร,คลองแม่ลาย,,,,,,,,False,True,16.4047,99.42,User-provided approximate tambon centroid,Tambon mapping from source folder/name; coordinates are approximate centroid/reference point not official GIS boundary,False,,0.9,True,True,True,True,False,3.0,3.0,,เมืองฯ,1.0,กำแพงเพชร,True,ทต.คลองแม่ลาย,ทต,คลองแม่ลาย,3.0,ทต.คลองแม่ลาย,C:\Users\Neo\Downloads\ocr_dsde\data\raw_pdf\ทต.คลองแม่ลาย\หน่วยเลือกตั้งที่ 3.pdf
ทต_คลองแม_ลาย_หน_วยเล_อกต_งท_4,ทต_คลองแม_ลาย_หน_วยเล_อกต_งท_4.pdf,กำแพงเพชร,เมืองฯ,คลองเตย,ทต.คลองแม่ลาย,3.0,4.0,กำแพงเพชร,เมืองกำแพงเพชร,คลองแม่ลาย,,,,,,,,False,True,16.4047,99.42,User-provided approximate tambon centroid,Tambon mapping from source folder/name; coordinates are approximate centroid/reference point not official GIS boundary,True,locality_mismatch,0.55,True,False,True,True,False,4.0,3.0,คลองเตย,เมืองฯ,1.0,กำแพงเพชร,True,ทต.คลองแม่ลาย,ทต,คลองแม่ลาย,4.0,ทต.คลองแม่ลาย,C:\Users\Neo\Downloads\ocr_dsde\data\raw_pdf\ทต.คลองแม่ลาย\หน่วยเลือกตั้งที่ 4.pdf
ทต_คลองแม_ลาย_หน_วยเล_อกต_งท_5,ทต_คลองแม_ลาย_หน_วยเล_อกต_งท_5.pdf,กรุงเทพมหานคร,เมืองฯ,อากาเส,ทต.คลองแม่ลาย,1.0,5.0,กำแพงเพชร,เมืองกำแพงเพชร,คลองแม่ลาย,,,,,,,,False,True,16.4047,99.42,User-provided approximate tambon centroid,Tambon mapping from source folder/name; coordinates are approximate centroid/reference point not official GIS boundary,True,locality_mismatch;province_ocr_unreliable,0.55,True,False,False,True,False,5.0,1.0,อากาเส,เมืองฯ,1.0,กรุงเทพมหานคร,True,ทต.คลองแม่ลาย,ทต,คลองแม่ลาย,5.0,ทต.คลองแม่ลาย,C:\Users\Neo\Downloads\ocr_dsde\data\raw_pdf\ทต.คลองแม่ลาย\หน่วยเลือกตั้งที่ 5.pdf
ทต_คลองแม_ลาย_หน_วยเล_อกต_งท_6,ทต_คลองแม_ลาย_หน_วยเล_อกต_งท_6.pdf,กำแพงเพชร,เมืองฯ,ตำบลดอนทองเมือง,ทต.คลองแม่ลาย,,6.0,กำแพงเพชร,เมืองกำแพงเพชร,คลองแม่ลาย,,,,,,,,False,True,16.4047,99.42,User-provided approximate tambon centroid,Tambon mapping from source folder/name; coordinates are approximate centroid/reference point not official GIS boundary,True,locality_mismatch;missing_moo,0.55,True,False,True,True,True,,,ตำบลดอนทองเมือง,เมืองฯ,1.0,กำแพงเพชร,True,ทต.คลองแม่ลาย,ทต,คลองแม่ลาย,6.0,ทต.คลองแม่ลาย,C:\Users\Neo\Downloads\ocr_dsde\data\raw_pdf\ทต.คลองแม่ลาย\หน่วยเลือกตั้งที่ 6.pdf
ทต_คลองแม_ลาย_หน_วยเล_อกต_งท_7,ทต_คลองแม_ลาย_หน_วยเล_อกต_งท_7.pdf,กำแพงเพชร,เมืองกำแพงเพชร,ตำบลดอนทองเมือง,ทต.คลองแม่ลาย,,7.0,กำแพงเพชร,เมืองกำแพงเพชร,คลองแม่ลาย,,,,,,,,False,True,16.4047,99.42,User-provided approximate tambon centroid,Tambon mapping from source folder/name; coordinates are approximate centroid/reference point not official GIS boundary,True,locality_mismatch;missing_moo,0.55,True,False,True,True,True,,,ตำบลดอนทองเมือง,เมืองกำแพงเพชร,1.0,กำแพงเพชร,True,ทต.คลองแม่ลาย,ทต,คลองแม่ลาย,7.0,ทต.คลองแม่ลาย,C:\Users\Neo\Downloads\ocr_dsde\data\raw_pdf\ทต.คลองแม่ลาย\หน่วยเลือกตั้งที่ 7.pdf
ทต_คลองแม_ลาย_หน_วยเล_อกต_งท_8,ทต_คลองแม_ลาย_หน_วยเล_อกต_งท_8.pdf,กรุงเทพมหานคร,เมืองฯ,คลองแปลง,ทต.คลองแม่ลาย,1.0,8.0,กำแพงเพชร,เมืองกำแพงเพชร,คลองแม่ลาย,,,,,,,,False,True,16.4047,99.42,User-provided approximate tambon centroid,Tambon mapping from source folder/name; coordinates are approximate centroid/reference point not official GIS boundary,True,locality_mismatch;province_ocr_unreliable,0.55,True,False,False,True,False,8.0,1.0,คลองแปลง,เมืองฯ,,กรุงเทพมหานคร,True,ทต.คลองแม่ลาย,ทต,คลองแม่ลาย,8.0,ทต.คลองแม่ลาย,C:\Users\Neo\Downloads\ocr_dsde\data\raw_pdf\ทต.คลองแม่ลาย\หน่วยเลือกตั้งที่ 8.pdf
ทต_นครช_ม_หน_วยท_10_0001,ทต_นครช_ม_หน_วยท_10_0001.pdf,กำแพงเพชร,เมือง,นครพนม,ทต.นครชุม,9.0,10.0,กำแพงเพชร,เมืองกำแพงเพชร,นครชุม,,,,,,,,False,True,16.4752,99.5116,User-provided approximate tambon centroid,Tambon mapping from source folder/name; coordinates are approximate centroid/reference point not official GIS boundary,True,locality_mismatch,0.55,True,False,True,True,False,10.0,9.0,นครพนม,เมือง,1.0,กำแพงเพชร,True,ทต.นครชุม,ทต,นครชุม,10.0,ทต.นครชุม,C:\Users\Neo\Downloads\ocr_dsde\data\raw_pdf\ทต.นครชุม\หน่วยที่ 10_0001.pdf
ทต_นครช_ม_หน_วยท_1_0001,ทต_นครช_ม_หน_วยท_1_0001.pdf,กรุงเทพฯ,เพียง,นครชุม,ทต.นครชุม,2.0,1.0,กำแพงเพชร,เมืองกำแพงเพชร,นครชุม,,,,,,,,False,True,16.4752,99.5116,User-provided approximate tambon centroid,Tambon mapping from source folder/name; coordinates are approximate centroid/reference point not official GIS boundary,True,province_ocr_unreliable;district_ocr_unreliable,0.55,True,True,False,False,False,1.0,2.0,,เพียง,1.0,กรุงเทพฯ,True,ทต.นครชุม,ทต,นครชุม,1.0,ทต.นครชุม,C:\Users\Neo\Downloads\ocr_dsde\data\raw_pdf\ทต.นครชุม\หน่วยที่ 1_0001.pdf
ทต_นครช_ม_หน_วยท_2_0001,ทต_นครช_ม_หน_วยท_2_0001.pdf,กำแพงเพชร,เมืองฯ,นครชุม,ทต.นครชุม,3.0,2.0,กำแพงเพชร,เมืองกำแพงเพชร,นครชุม,,,,,,,,False,True,16.4752,99.5116,User-provided approximate tambon centroid,Tambon mapping from source folder/name; coordinates are approximate centroid/reference point not official GIS boundary,False,,0.9,True,True,True,True,False,2.0,3.0,,เมืองฯ,1.0,กำแพงเพชร,True,ทต.นครชุม,ทต,นครชุม,2.0,ทต.นครชุม,C:\Users\Neo\Downloads\ocr_dsde\data\raw_pdf\ทต.นครชุม\หน่วยที่ 2_0001.pdf
ทต_นครช_ม_หน_วยท_3_0001,ทต_นครช_ม_หน_วยท_3_0001.pdf,กำแพงเพชร,เมืองกำแพงเพชร,นครเมืองกำแพงเพชร,ทต.นครชุม,3.0,3.0,กำแพงเพชร,เมืองกำแพงเพชร,นครชุม,,,,,,,,False,True,16.4752,99.5116,User-provided approximate tambon centroid,Tambon mapping from source folder/name; coordinates are approximate centroid/reference point not official GIS boundary,True,locality_mismatch,0.55,True,False,True,True,False,3.0,3.0,นครเมืองกำแพงเพชร,เมืองกำแพงเพชร,1.0,กำแพงเพชร,True,ทต.นครชุม,ทต,นครชุม,3.0,ทต.นครชุม,C:\Users\Neo\Downloads\ocr_dsde\data\raw_pdf\ทต.นครชุม\หน่วยที่ 3_0001.pdf
ทต_นครช_ม_หน_วยท_4_0001,ทต_นครช_ม_หน_วยท_4_0001.pdf,กรุงเทพมหานคร,เมืองฯ,มิตรจุฬา,ทต.นครชุม,4.0,4.0,กำแพงเพชร,เมืองกำแพงเพชร,นครชุม,,,,,,,,False,True,16.4752,99.5116,User-provided approximate tambon centroid,Tambon mapping from source folder/name; coordinates are approximate centroid/reference point not official GIS boundary,True,locality_mismatch;province_ocr_unreliable,0.55,True,False,False,True,False,,4.0,มิตรจุฬา,เมืองฯ,,กรุงเทพมหานคร,True,ทต.นครชุม,ทต,นครชุม,4.0,ทต.นครชุม,C:\Users\Neo\Downloads\ocr_dsde\data\raw_pdf\ทต.นครชุม\หน่วยที่ 4_0001.pdf
ทต_นครช_ม_หน_วยท_5_0001,ทต_นครช_ม_หน_วยท_5_0001.pdf,กำแพงเพชร,เมืองกำแพงเพชร,นครชุม,ทต.นครชุม,4.0,5.0,กำแพงเพชร,เมืองกำแพงเพชร,นครชุม,,,,,,,,False,True,16.4752,99.5116,User-provided approximate tambon centroid,Tambon mapping from source folder/name; coordinates are approximate centroid/reference point not official GIS boundary,False,,0.9,True,True,True,True,False,5.0,4.0,นครชุม,เมืองกำแพงเพชร,1.0,กำแพงเพชร,True,ทต.นครชุม,ทต,นครชุม,5.0,ทต.นครชุม,C:\Users\Neo\Downloads\ocr_dsde\data\raw_pdf\ทต.นครชุม\หน่วยที่ 5_0001.pdf
ทต_นครช_ม_หน_วยท_6_0001,ทต_นครช_ม_หน_วยท_6_0001.pdf,กำแพงเพชร,เมืองฯ,นครชุม,ทต.นครชุม,5.0,6.0,กำแพงเพชร,เมืองกำแพงเพชร,นครชุม,,,,,,,,False,True,16.4752,99.5116,User-provided approximate tambon centroid,Tambon mapping from source folder/name; coordinates are approximate centroid/reference point not official GIS boundary,False,,0.9,True,True,True,True,False,,5.0,,เมืองฯ,,กำแพงเพชร,True,ทต.นครชุม,ทต,นครชุม,6.0,ทต.นครชุม,C:\Users\Neo\Downloads\ocr_dsde\data\raw_pdf\ทต.นครชุม\หน่วยที่ 6_0001.pdf
ทต_นครช_ม_หน_วยท_7_0001,ทต_นครช_ม_หน_วยท_7_0001.pdf,กำแพงเพชร,เมือง,ทำบนครูป,ทต.นครชุม,5.0,7.0,กำแพงเพชร,เมืองกำแพงเพชร,นครชุม,,,,,,,,False,True,16.4752,99.5116,User-provided approximate tambon centroid,Tambon mapping from source folder/name; coordinates are approximate centroid/reference point not official GIS boundary,True,locality_mismatch,0.55,True,False,True,True,False,7.0,5.0,ทำบนครูป,เมือง,1.0,กำแพงเพชร,True,ทต.นครชุม,ทต,นครชุม,7.0,ทต.นครชุม,C:\Users\Neo\Downloads\ocr_dsde\data\raw_pdf\ทต.นครชุม\หน่วยที่ 7_0001.pdf
ทต_นครช_ม_หน_วยท_9_0001,ทต_นครช_ม_หน_วยท_9_0001.pdf,กำแพงเพชร,เมือง,นครชุม,ทต.นครชุม,6.0,9.0,กำแพงเพชร,เมืองกำแพงเพชร,นครชุม,,,,,,,,False,True,16.4752,99.5116,User-provided approximate tambon centroid,Tambon mapping from source folder/name; coordinates are approximate centroid/reference point not official GIS boundary,False,,0.9,True,True,True,True,False,9.0,6.0,นครชุม,เมือง,1.0,กำแพงเพชร,True,ทต.นครชุม,ทต,นครชุม,9.0,ทต.นครชุม,C:\Users\Neo\Downloads\ocr_dsde\data\raw_pdf\ทต.นครชุม\หน่วยที่ 9_0001.pdf
ทต_เทพนคร_หน_วยท_10_0001,ทต_เทพนคร_หน_วยท_10_0001.pdf,กำแพงเพชร,เมือง,เทพนคร,ทต.เทพนคร,8.0,10.0,กำแพงเพชร,เมืองกำแพงเพชร,เทพนคร,,,,,,,,False,True,16.43,99.61,User-provided approximate tambon centroid,Tambon mapping from source folder/name; coordinates are approximate centroid/reference point not official GIS boundary,False,,0.9,True,True,True,True,False,10.0,8.0,เทพนคร,เมือง,1.0,กำแพงเพชร,True,ทต.เทพนคร,ทต,เทพนคร,10.0,ทต.เทพนคร,C:\Users\Neo\Downloads\ocr_dsde\data\raw_pdf\ทต.เทพนคร\หน่วยที่ 10_0001.pdf
ทต_เทพนคร_หน_วยท_11_0001,ทต_เทพนคร_หน_วยท_11_0001.pdf,กำแพงเพชร,เมือง,เทพนคร,ทต.เทพนคร,8.0,11.0,กำแพงเพชร,เมืองกำแพงเพชร,เทพนคร,,,,,,,,False,True,16.43,99.61,User-provided approximate tambon centroid,Tambon mapping from source folder/name; coordinates are approximate centroid/reference point not official GIS boundary,False,,0.9,True,True,True,True,False,11.0,8.0,เทพนคร,เมือง,1.0,กำแพงเพชร,True,ทต.เทพนคร,ทต,เทพนคร,11.0,ทต.เทพนคร,C:\Users\Neo\Downloads\ocr_dsde\data\raw_pdf\ทต.เทพนคร\หน่วยที่ 11_0001.pdf
ทต_เทพนคร_หน_วยท_12_0001,ทต_เทพนคร_หน_วยท_12_0001.pdf,กรุงเทพมหานคร ใส่จริงสิ้นเป็นที่เรียบร้อ,เมืองฯ,เทพนคร,ทต.เทพนคร,9.0,12.0,กำแพงเพชร,เมืองกำแพงเพชร,เทพนคร,,,,,,,,False,True,16.43,99.61,User-provided approximate tambon centroid,Tambon mapping from source folder/name; coordinates are approximate centroid/reference point not official GIS boundary,True,province_ocr_unreliable,0.55,True,True,False,True,False,12.0,9.0,เทพนคร,เมืองฯ,1.0,กรุงเทพมหานคร ใส่จริงสิ้นเป็นที่เรียบร้อ,True,ทต.เทพนคร,ทต,เทพนคร,12.0,ทต.เทพนคร,C:\Users\Neo\Downloads\ocr_dsde\data\raw_pdf\ทต.เทพนคร\หน่วยที่ 12_0001.pdf
ทต_เทพนคร_หน_วยท_14_0001,ทต_เทพนคร_หน_วยท_14_0001.pdf,เพชรนคร,เชิงทะเล,เพชรนคร,ทต.เทพนคร,10.0,14.0,กำแพงเพชร,เมืองกำแพงเพชร,เทพนคร,,,,,,,,False,True,16.43,99.61,User-provided approximate tambon centroid,Tambon mapping from source folder/name; coordinates are approximate centroid/reference point not official GIS boundary,True,locality_mismatch;province_ocr_unreliable;district_ocr_unreliable,0.55,True,False,False,False,False,,10.0,เพชรนคร,เชิงทะเล,,เพชรนคร,True,ทต.เทพนคร,ทต,เทพนคร,14.0,ทต.เทพนคร,C:\Users\Neo\Downloads\ocr_dsde\data\raw_pdf\ทต.เทพนคร\หน่วยที่ 14_0001.pdf
ทต_เทพนคร_หน_วยท_15_0001,ทต_เทพนคร_หน_วยท_15_0001.pdf,กำแพงเพชร,เมือง,เกพนคร,ทต.เทพนคร,11.0,15.0,กำแพงเพชร,เมืองกำแพงเพชร,เทพนคร,,,,,,,,False,True,16.43,99.61,User-provided approximate tambon centroid,Tambon mapping from source folder/name; coordinates are approximate centroid/reference point not official GIS boundary,True,locality_mismatch,0.55,True,False,True,True,False,15.0,11.0,เกพนคร,เมือง,1.0,กำแพงเพชร,True,ทต.เทพนคร,ทต,เทพนคร,15.0,ทต.เทพนคร,C:\Users\Neo\Downloads\ocr_dsde\data\raw_pdf\ทต.เทพนคร\หน่วยที่ 15_0001.pdf
ทต_เทพนคร_หน_วยท_16_0001,ทต_เทพนคร_หน_วยท_16_0001.pdf,กำแพงเพชร,6 มิ่งฯ,เทพนคร,ทต.เทพนคร,,16.0,กำแพงเพชร,เมืองกำแพงเพชร,เทพนคร,,,,,,,,False,True,16.43,99.61,User-provided approximate tambon centroid,Tambon mapping from source folder/name; coordinates are approximate centroid/reference point not official GIS boundary,True,district_ocr_unreliable;missing_moo,0.55,True,True,True,False,True,,,,6 มิ่งฯ,,กำแพงเพชร,True,ทต.เทพนคร,ทต,เทพนคร,16.0,ทต.เทพนคร,C:\Users\Neo\Downloads\ocr_dsde\data\raw_pdf\ทต.เทพนคร\หน่วยที่ 16_0001.pdf
ทต_เทพนคร_หน_วยท_17_0001,ทต_เทพนคร_หน_วยท_17_0001.pdf,กรุงเทพมหานคร สรุปเป็นที่เรียบร้อยแล้ว ด,,เทพนคร,ทต.เทพนคร,12.0,17.0,กำแพงเพชร,เมืองกำแพงเพชร,เทพนคร,,,,,,,,False,True,16.43,99.61,User-provided approximate tambon centroid,Tambon mapping from source folder/name; coordinates are approximate centroid/reference point not official GIS boundary,True,province_ocr_unreliable,0.55,True,True,False,True,False,17.0,12.0,,,1.0,กรุงเทพมหานคร สรุปเป็นที่เรียบร้อยแล้ว ด,True,ทต.เทพนคร,ทต,เทพนคร,17.0,ทต.เทพนคร,C:\Users\Neo\Downloads\ocr_dsde\data\raw_pdf\ทต.เทพนคร\หน่วยที่ 17_0001.pdf
ทต_เทพนคร_หน_วยท_18_0001,ทต_เทพนคร_หน_วยท_18_0001.pdf,กรุงเทพฯ,เพียง,เกพนคร,ทต.เทพนคร,14.0,18.0,กำแพงเพชร,เมืองกำแพงเพชร,เทพนคร,,,,,,,,False,True,16.43,99.61,User-provided approximate tambon centroid,Tambon mapping from source folder/name; coordinates are approximate centroid/reference point not official GIS boundary,True,locality_mismatch;province_ocr_unreliable;district_ocr_unreliable,0.55,True,False,False,False,False,18.0,14.0,เกพนคร,เพียง,1.0,กรุงเทพฯ,True,ทต.เทพนคร,ทต,เทพนคร,18.0,ทต.เทพนคร,C:\Users\Neo\Downloads\ocr_dsde\data\raw_pdf\ทต.เทพนคร\หน่วยที่ 18_0001.pdf
ทต_เทพนคร_หน_วยท_19_0001,ทต_เทพนคร_หน_วยท_19_0001.pdf,กำแพงเพชร,เมือง,เทพนคร,ทต.เทพนคร,19.0,19.0,กำแพงเพชร,เมืองกำแพงเพชร,เทพนคร,,,,,,,,False,True,16.43,99.61,User-provided approximate tambon centroid,Tambon mapping from source folder/name; coordinates are approximate centroid/reference point not official GIS boundary,False,,0.9,True,True,True,True,False,,19.0,,เมือง,,กำแพงเพชร,True,ทต.เทพนคร,ทต,เทพนคร,19.0,ทต.เทพนคร,C:\Users\Neo\Downloads\ocr_dsde\data\raw_pdf\ทต.เทพนคร\หน่วยที่ 19_0001.pdf
ทต_เทพนคร_หน_วยท_1_0001,ทต_เทพนคร_หน_วยท_1_0001.pdf,กำแพงเพชร,เมือง,เทพนคร,ทต.เทพนคร,,1.0,กำแพงเพชร,เมืองกำแพงเพชร,เทพนคร,,,,,,,,False,True,16.43,99.61,User-provided approximate tambon centroid,Tambon mapping from source folder/name; coordinates are approximate centroid/reference point not official GIS boundary,True,missing_moo,0.55,True,True,True,True,True,,,เทพนคร,เมือง,,กำแพงเพชร,True,ทต.เทพนคร,ทต,เทพนคร,1.0,ทต.เทพนคร,C:\Users\Neo\Downloads\ocr_dsde\data\raw_pdf\ทต.เทพนคร\หน่วยที่ 1_0001.pdf
ทต_เทพนคร_หน_วยท_20_0001,ทต_เทพนคร_หน_วยท_20_0001.pdf,กำแพงเพชร,เมือง,คามเทพนคร,ทต.เทพนคร,15.0,20.0,กำแพงเพชร,เมืองกำแพงเพชร,เทพนคร,,,,,,,,False,True,16.43,99.61,User-provided approximate tambon centroid,Tambon mapping from source folder/name; coordinates are approximate centroid/reference point not official GIS boundary,False,,0.9,True,True,True,True,False,20.0,15.0,คามเทพนคร,เมือง,1.0,กำแพงเพชร,True,ทต.เทพนคร,ทต,เทพนคร,20.0,ทต.เทพนคร,C:\Users\Neo\Downloads\ocr_dsde\data\raw_pdf\ทต.เทพนคร\หน่วยที่ 20_0001.pdf
ทต_เทพนคร_หน_วยท_21_0001,ทต_เทพนคร_หน_วยท_21_0001.pdf,กำแพงเพชร,เมือง,เพาเวอร์,ทต.เทพนคร,16.0,21.0,กำแพงเพชร,เมืองกำแพงเพชร,เทพนคร,,,,,,,,False,True,16.43,99.61,User-provided approximate tambon centroid,Tambon mapping from source folder/name; coordinates are approximate centroid/reference point not official GIS boundary,True,locality_mismatch,0.55,True,False,True,True,False,21.0,16.0,เพาเวอร์,เมือง,2.0,กำแพงเพชร,True,ทต.เทพนคร,ทต,เทพนคร,21.0,ทต.เทพนคร,C:\Users\Neo\Downloads\ocr_dsde\data\raw_pdf\ทต.เทพนคร\หน่วยที่ 21_0001.pdf
ทต_เทพนคร_หน_วยท_22_0001,ทต_เทพนคร_หน_วยท_22_0001.pdf,กำแพงเพชร,เมือง,ถนนฯ,ทต.เทพนคร,17.0,22.0,กำแพงเพชร,เมืองกำแพงเพชร,เทพนคร,,,,,,,,False,True,16.43,99.61,User-provided approximate tambon centroid,Tambon mapping from source folder/name; coordinates are approximate centroid/reference point not official GIS boundary,True,locality_mismatch,0.55,True,False,True,True,False,22.0,17.0,ถนนฯ,เมือง,1.0,กำแพงเพชร,True,ทต.เทพนคร,ทต,เทพนคร,22.0,ทต.เทพนคร,C:\Users\Neo\Downloads\ocr_dsde\data\raw_pdf\ทต.เทพนคร\หน่วยที่ 22_0001.pdf
ทต_เทพนคร_หน_วยท_23_0001,ทต_เทพนคร_หน_วยท_23_0001.pdf,กรุงเทพฯ,เมือง,เทพนคร,ทต.เทพนคร,18.0,23.0,กำแพงเพชร,เมืองกำแพงเพชร,เทพนคร,,,,,,,,False,True,16.43,99.61,User-provided approximate tambon centroid,Tambon mapping from source folder/name; coordinates are approximate centroid/reference point not official GIS boundary,True,province_ocr_unreliable,0.55,True,True,False,True,False,23.0,18.0,เทพนคร,เมือง,1.0,กรุงเทพฯ,True,ทต.เทพนคร,ทต,เทพนคร,23.0,ทต.เทพนคร,C:\Users\Neo\Downloads\ocr_dsde\data\raw_pdf\ทต.เทพนคร\หน่วยที่ 23_0001.pdf
ทต_เทพนคร_หน_วยท_24_0001,ทต_เทพนคร_หน_วยท_24_0001.pdf,กำแพงเพชร,เมือง,เทพนคร,ทต.เทพนคร,19.0,24.0,กำแพงเพชร,เมืองกำแพงเพชร,เทพนคร,,,,,,,,False,True,16.43,99.61,User-provided approximate tambon centroid,Tambon mapping from source folder/name; coordinates are approximate centroid/reference point not official GIS boundary,False,,0.9,True,True,True,True,False,24.0,19.0,เทพนคร,เมือง,1.0,กำแพงเพชร,True,ทต.เทพนคร,ทต,เทพนคร,24.0,ทต.เทพนคร,C:\Users\Neo\Downloads\ocr_dsde\data\raw_pdf\ทต.เทพนคร\หน่วยที่ 24_0001.pdf
ทต_เทพนคร_หน_วยท_25_0001,ทต_เทพนคร_หน_วยท_25_0001.pdf,กำแพงเพชร,มิลง,เทพนคร,ทต.เทพนคร,20.0,25.0,กำแพงเพชร,เมืองกำแพงเพชร,เทพนคร,,,,,,,,False,True,16.43,99.61,User-provided approximate tambon centroid,Tambon mapping from source folder/name; coordinates are approximate centroid/reference point not official GIS boundary,True,district_ocr_unreliable,0.55,True,True,True,False,False,25.0,20.0,เทพนคร,มิลง,1.0,กำแพงเพชร,True,ทต.เทพนคร,ทต,เทพนคร,25.0,ทต.เทพนคร,C:\Users\Neo\Downloads\ocr_dsde\data\raw_pdf\ทต.เทพนคร\หน่วยที่ 25_0001.pdf
ทต_เทพนคร_หน_วยท_26_0001,ทต_เทพนคร_หน_วยท_26_0001.pdf,กำแพงเพชร,เมือง,เทพนคร,ทต.เทพนคร,21.0,26.0,กำแพงเพชร,เมืองกำแพงเพชร,เทพนคร,,,,,,,,False,True,16.43,99.61,User-provided approximate tambon centroid,Tambon mapping from source folder/name; coordinates are approximate centroid/reference point not official GIS boundary,False,,0.9,True,True,True,True,False,26.0,21.0,เทพนคร,เมือง,,กำแพงเพชร,True,ทต.เทพนคร,ทต,เทพนคร,26.0,ทต.เทพนคร,C:\Users\Neo\Downloads\ocr_dsde\data\raw_pdf\ทต.เทพนคร\หน่วยที่ 26_0001.pdf
ทต_เทพนคร_หน_วยท_27_0001,ทต_เทพนคร_หน_วยท_27_0001.pdf,กรุงเทพฯ,เมือง,เทพนคร,ทต.เทพนคร,22.0,27.0,กำแพงเพชร,เมืองกำแพงเพชร,เทพนคร,,,,,,,,False,True,16.43,99.61,User-provided approximate tambon centroid,Tambon mapping from source folder/name; coordinates are approximate centroid/reference point not official GIS boundary,True,province_ocr_unreliable,0.55,True,True,False,True,False,27.0,22.0,เทพนคร,เมือง,1.0,กรุงเทพฯ,True,ทต.เทพนคร,ทต,เทพนคร,27.0,ทต.เทพนคร,C:\Users\Neo\Downloads\ocr_dsde\data\raw_pdf\ทต.เทพนคร\หน่วยที่ 27_0001.pdf
ทต_เทพนคร_หน_วยท_2_0001,ทต_เทพนคร_หน_วยท_2_0001.pdf,สมุทรสาคร,เมืองฯ,เทพนคร,ทต.เทพนคร,1.0,2.0,กำแพงเพชร,เมืองกำแพงเพชร,เทพนคร,,,,,,,,False,True,16.43,99.61,User-provided approximate tambon centroid,Tambon mapping from source folder/name; coordinates are approximate centroid/reference point not official GIS boundary,True,province_ocr_unreliable,0.55,True,True,False,True,False,2.0,1.0,เทพนคร,เมืองฯ,1.0,สมุทรสาคร,True,ทต.เทพนคร,ทต,เทพนคร,2.0,ทต.เทพนคร,C:\Users\Neo\Downloads\ocr_dsde\data\raw_pdf\ทต.เทพนคร\หน่วยที่ 2_0001.pdf
ทต_เทพนคร_หน_วยท_3_0001,ทต_เทพนคร_หน_วยท_3_0001.pdf,กำแพงเพชร,เมือง,เทพนคร,ทต.เทพนคร,2.0,3.0,กำแพงเพชร,เมืองกำแพงเพชร,เทพนคร,,,,,,,,False,True,16.43,99.61,User-provided approximate tambon centroid,Tambon mapping from source folder/name; coordinates are approximate centroid/reference point not official GIS boundary,False,,0.9,True,True,True,True,False,3.0,2.0,เทพนคร,เมือง,1.0,กำแพงเพชร,True,ทต.เทพนคร,ทต,เทพนคร,3.0,ทต.เทพนคร,C:\Users\Neo\Downloads\ocr_dsde\data\raw_pdf\ทต.เทพนคร\หน่วยที่ 3_0001.pdf
ทต_เทพนคร_หน_วยท_4_0001,ทต_เทพนคร_หน_วยท_4_0001.pdf,กำแพงเพชร,เมือง,เขตราหานคร,ทต.เทพนคร,3.0,4.0,กำแพงเพชร,เมืองกำแพงเพชร,เทพนคร,,,,,,,,False,True,16.43,99.61,User-provided approximate tambon centroid,Tambon mapping from source folder/name; coordinates are approximate centroid/reference point not official GIS boundary,True,locality_mismatch,0.55,True,False,True,True,False,4.0,3.0,เขตราหานคร,เมือง,1.0,กำแพงเพชร,True,ทต.เทพนคร,ทต,เทพนคร,4.0,ทต.เทพนคร,C:\Users\Neo\Downloads\ocr_dsde\data\raw_pdf\ทต.เทพนคร\หน่วยที่ 4_0001.pdf
ทต_เทพนคร_หน_วยท_5_0001,ทต_เทพนคร_หน_วยท_5_0001.pdf,เชียงใหม่,เมือง,เพลง,ทต.เทพนคร,3.0,5.0,กำแพงเพชร,เมืองกำแพงเพชร,เทพนคร,,,,,,,,False,True,16.43,99.61,User-provided approximate tambon centroid,Tambon mapping from source folder/name; coordinates are approximate centroid/reference point not official GIS boundary,True,locality_mismatch;province_ocr_unreliable,0.55,True,False,False,True,False,5.0,3.0,เพลง,เมือง,1.0,เชียงใหม่,True,ทต.เทพนคร,ทต,เทพนคร,5.0,ทต.เทพนคร,C:\Users\Neo\Downloads\ocr_dsde\data\raw_pdf\ทต.เทพนคร\หน่วยที่ 5_0001.pdf
ทต_เทพนคร_หน_วยท_6_0001,ทต_เทพนคร_หน_วยท_6_0001.pdf,กรุงเทพฯ,,เทพนคร,ทต.เทพนคร,4.0,2.0,กำแพงเพชร,เมืองกำแพงเพชร,เทพนคร,,,,,,,,False,True,16.43,99.61,User-provided approximate tambon centroid,Tambon mapping from source folder/name; coordinates are approximate centroid/reference point not official GIS boundary,True,unit_number_mismatch;province_ocr_unreliable,0.55,False,True,False,True,False,2.0,4.0,,,2.0,กรุงเทพฯ,True,ทต.เทพนคร,ทต,เทพนคร,6.0,ทต.เทพนคร,C:\Users\Neo\Downloads\ocr_dsde\data\raw_pdf\ทต.เทพนคร\หน่วยที่ 6_0001.pdf
ทต_เทพนคร_หน_วยท_7_0001,ทต_เทพนคร_หน_วยท_7_0001.pdf,กำแพงเพชร,เมือง,เทพนคร,ทต.เทพนคร,5.0,7.0,กำแพงเพชร,เมืองกำแพงเพชร,เทพนคร,,,,,,,,False,True,16.43,99.61,User-provided approximate tambon centroid,Tambon mapping from source folder/name; coordinates are approximate centroid/reference point not official GIS boundary,False,,0.9,True,True,True,True,False,7.0,5.0,เทพนคร,เมือง,1.0,กำแพงเพชร,True,ทต.เทพนคร,ทต,เทพนคร,7.0,ทต.เทพนคร,C:\Users\Neo\Downloads\ocr_dsde\data\raw_pdf\ทต.เทพนคร\หน่วยที่ 7_0001.pdf
ทต_เทพนคร_หน_วยท_9_0001,ทต_เทพนคร_หน_วยท_9_0001.pdf,กำแพงเพชร,เมือง,เทพฯ อ.,ทต.เทพนคร,7.0,9.0,กำแพงเพชร,เมืองกำแพงเพชร,เทพนคร,,,,,,,,False,True,16.43,99.61,User-provided approximate tambon centroid,Tambon mapping from source folder/name; coordinates are approximate centroid/reference point not official GIS boundary,True,locality_mismatch,0.55,True,False,True,True,False,9.0,7.0,เทพฯ อ.,เมือง,1.0,กำแพงเพชร,True,ทต.เทพนคร,ทต,เทพนคร,9.0,ทต.เทพนคร,C:\Users\Neo\Downloads\ocr_dsde\data\raw_pdf\ทต.เทพนคร\หน่วยที่ 9_0001.pdf
ตำบลอ_างทอง_หน_วยท_18_0001,ตำบลอ_างทอง_หน_วยท_18_0001.pdf,กรุงเทพมหานคร,เมืองฯ,ตำบลอ่างทอง,ตำบลอ่างทอง,13.0,18.0,กำแพงเพชร,เมืองกำแพงเพชร,อ่างทอง,,,,,,,,False,True,16.3442,99.5196,User-provided approximate tambon centroid,Tambon mapping from source folder/name; coordinates are approximate centroid/reference point not official GIS boundary,True,province_ocr_unreliable,0.55,True,True,False,True,False,18.0,13.0,,เมืองฯ,1.0,กรุงเทพมหานคร,True,ตำบลอ่างทอง,,ตำบลอ่างทอง,18.0,ตำบลอ่างทอง,C:\Users\Neo\Downloads\ocr_dsde\data\raw_pdf\ตำบลอ่างทอง\หน่วยที่ 18_0001.pdf
ทต_นครช_ม_หน_วยท_8_0001,ทต_นครช_ม_หน_วยท_8_0001.pdf,กำแพงเพชร,เมือง,นครชุม,ทต.นครชุม,5.0,8.0,กำแพงเพชร,เมืองกำแพงเพชร,นครชุม,,,,,,,,False,True,16.4752,99.5116,User-provided approximate tambon centroid,Tambon mapping from source folder/name; coordinates are approximate centroid/reference point not official GIS boundary,False,,0.9,True,True,True,True,False,,5.0,,เมือง,1.0,กำแพงเพชร,True,ทต.นครชุม,ทต,นครชุม,8.0,ทต.นครชุม,C:\Users\Neo\Downloads\ocr_dsde\data\raw_pdf\ทต.นครชุม\หน่วยที่ 8_0001.pdf
ตำบลอ_างทอง_หน_วยท_21_0001,ตำบลอ_างทอง_หน_วยท_21_0001.pdf,กำแพงเพชร,เมือง,ค่างทอง,ตำบลอ่างทอง,16.0,21.0,กำแพงเพชร,เมืองกำแพงเพชร,อ่างทอง,,,,,,,,False,True,16.3442,99.5196,User-provided approximate tambon centroid,Tambon mapping from source folder/name; coordinates are approximate centroid/reference point not official GIS boundary,True,locality_mismatch,0.55,True,False,True,True,False,21.0,16.0,ค่างทอง,เมือง,1.0,กำแพงเพชร,True,ตำบลอ่างทอง,,ตำบลอ่างทอง,21.0,ตำบลอ่างทอง,C:\Users\Neo\Downloads\ocr_dsde\data\raw_pdf\ตำบลอ่างทอง\หน่วยที่ 21_0001.pdf
ทต_เทพนคร_หน_วยท_13_0001,ทต_เทพนคร_หน_วยท_13_0001.pdf,กำแพงเพชร,เมืองฯ,เทนนอร์,ทต.เทพนคร,9.0,13.0,กำแพงเพชร,เมืองกำแพงเพชร,เทพนคร,,,,,,,,False,True,16.43,99.61,User-provided approximate tambon centroid,Tambon mapping from source folder/name; coordinates are approximate centroid/reference point not official GIS boundary,True,locality_mismatch,0.55,True,False,True,True,False,13.0,9.0,เทนนอร์,เมืองฯ,1.0,กำแพงเพชร,True,ทต.เทพนคร,ทต,เทพนคร,13.0,ทต.เทพนคร,C:\Users\Neo\Downloads\ocr_dsde\data\raw_pdf\ทต.เทพนคร\หน่วยที่ 13_0001.pdf
ทต_เทพนคร_หน_วยท_8_0001,ทต_เทพนคร_หน_วยท_8_0001.pdf,กำแพงเพชร,เมืองฯ,เทพนคร,ทต.เทพนคร,6.0,8.0,กำแพงเพชร,เมืองกำแพงเพชร,เทพนคร,,,,,,,,False,True,16.43,99.61,User-provided approximate tambon centroid,Tambon mapping from source folder/name; coordinates are approximate centroid/reference point not official GIS boundary,False,,0.9,True,True,True,True,False,8.0,6.0,เทพนคร,เมืองฯ,1.0,กำแพงเพชร,True,ทต.เทพนคร,ทต,เทพนคร,8.0,ทต.เทพนคร,C:\Users\Neo\Downloads\ocr_dsde\data\raw_pdf\ทต.เทพนคร\หน่วยที่ 8_0001.pdf
ตำบลทรงธรรม_หน_วยท_10_0001,ตำบลทรงธรรม_หน_วยท_10_0001.pdf,,,ทรงธรรม,ตำบลทรงธรรม,,10.0,กำแพงเพชร,เมืองกำแพงเพชร,ทรงธรรม,,,,,,,,False,True,16.5189,99.4042,User-provided approximate tambon centroid,Tambon mapping from source folder/name; coordinates are approximate centroid/reference point not official GIS boundary,True,missing_markdown;missing_moo,0.35,True,True,True,True,True,,,,,,,False,ตำบลทรงธรรม,ตำบล,ทรงธรรม,10.0,,
ตำบลนาบ่อคำ_หน_วยท_10_0001_copy,ตำบลนาบ่อคำ_หน_วยท_10_0001_copy.pdf,,,นาบ่อคำ,ตำบลนาบ่อคำ,,10.0,กำแพงเพชร,เมืองกำแพงเพชร,นาบ่อคำ,,,,,,,,False,True,16.49,99.3,User-provided approximate tambon centroid,Tambon mapping from source folder/name; coordinates are approximate centroid/reference point not official GIS boundary,True,missing_markdown;missing_moo,0.35,True,True,True,True,True,,,,,,,False,ตำบลนาบ่อคำ,ตำบล,นาบ่อคำ,10.0,,
ตำบลวังทอง_หน_วยท_10_0001_copy_2,ตำบลวังทอง_หน_วยท_10_0001_copy_2.pdf,,,วังทอง,ตำบลวังทอง,,10.0,กำแพงเพชร,เมืองกำแพงเพชร,วังทอง,,,,,,,,False,True,16.2937,99.3964,User-provided approximate tambon centroid,Tambon mapping from source folder/name; coordinates are approximate centroid/reference point not official GIS boundary,True,missing_markdown;missing_moo,0.35,True,True,True,True,True,,,,,,,False,ตำบลวังทอง,ตำบล,วังทอง,10.0,,
ตำบลทรงธรรม_หน_วยท_11_0001,ตำบลทรงธรรม_หน_วยท_11_0001.pdf,,,ทรงธรรม,ตำบลทรงธรรม,,11.0,กำแพงเพชร,เมืองกำแพงเพชร,ทรงธรรม,,,,,,,,False,True,16.5189,99.4042,User-provided approximate tambon centroid,Tambon mapping from source folder/name; coordinates are approximate centroid/reference point not official GIS boundary,True,missing_markdown;missing_moo,0.35,True,True,True,True,True,,,,,,,False,ตำบลทรงธรรม,ตำบล,ทรงธรรม,11.0,,
ตำบลนาบ่อคำ_หน_วยท_11_0001_copy,ตำบลนาบ่อคำ_หน_วยท_11_0001_copy.pdf,,,นาบ่อคำ,ตำบลนาบ่อคำ,,11.0,กำแพงเพชร,เมืองกำแพงเพชร,นาบ่อคำ,,,,,,,,False,True,16.49,99.3,User-provided approximate tambon centroid,Tambon mapping from source folder/name; coordinates are approximate centroid/reference point not official GIS boundary,True,missing_markdown;missing_moo,0.35,True,True,True,True,True,,,,,,,False,ตำบลนาบ่อคำ,ตำบล,นาบ่อคำ,11.0,,
ตำบลวังทอง_หน_วยท_11_0001_copy_2,ตำบลวังทอง_หน_วยท_11_0001_copy_2.pdf,,,วังทอง,ตำบลวังทอง,,11.0,กำแพงเพชร,เมืองกำแพงเพชร,วังทอง,,,,,,,,False,True,16.2937,99.3964,User-provided approximate tambon centroid,Tambon mapping from source folder/name; coordinates are approximate centroid/reference point not official GIS boundary,True,missing_markdown;missing_moo,0.35,True,True,True,True,True,,,,,,,False,ตำบลวังทอง,ตำบล,วังทอง,11.0,,
ตำบลทรงธรรม_หน_วยท_12_0001,ตำบลทรงธรรม_หน_วยท_12_0001.pdf,,,ทรงธรรม,ตำบลทรงธรรม,,12.0,กำแพงเพชร,เมืองกำแพงเพชร,ทรงธรรม,,,,,,,,False,True,16.5189,99.4042,User-provided approximate tambon centroid,Tambon mapping from source folder/name; coordinates are approximate centroid/reference point not official GIS boundary,True,missing_markdown;missing_moo,0.35,True,True,True,True,True,,,,,,,False,ตำบลทรงธรรม,ตำบล,ทรงธรรม,12.0,,
ตำบลนาบ่อคำ_หน_วยท_12_0001_copy,ตำบลนาบ่อคำ_หน_วยท_12_0001_copy.pdf,,,นาบ่อคำ,ตำบลนาบ่อคำ,,12.0,กำแพงเพชร,เมืองกำแพงเพชร,นาบ่อคำ,,,,,,,,False,True,16.49,99.3,User-provided approximate tambon centroid,Tambon mapping from source folder/name; coordinates are approximate centroid/reference point not official GIS boundary,True,missing_markdown;missing_moo,0.35,True,True,True,True,True,,,,,,,False,ตำบลนาบ่อคำ,ตำบล,นาบ่อคำ,12.0,,
ตำบลวังทอง_หน_วยท_12_0001_copy_2,ตำบลวังทอง_หน_วยท_12_0001_copy_2.pdf,,,วังทอง,ตำบลวังทอง,,12.0,กำแพงเพชร,เมืองกำแพงเพชร,วังทอง,,,,,,,,False,True,16.2937,99.3964,User-provided approximate tambon centroid,Tambon mapping from source folder/name; coordinates are approximate centroid/reference point not official GIS boundary,True,missing_markdown;missing_moo,0.35,True,True,True,True,True,,,,,,,False,ตำบลวังทอง,ตำบล,วังทอง,12.0,,
ตำบลทรงธรรม_หน_วยท_13_0001,ตำบลทรงธรรม_หน_วยท_13_0001.pdf,,,ทรงธรรม,ตำบลทรงธรรม,,13.0,กำแพงเพชร,เมืองกำแพงเพชร,ทรงธรรม,,,,,,,,False,True,16.5189,99.4042,User-provided approximate tambon centroid,Tambon mapping from source folder/name; coordinates are approximate centroid/reference point not official GIS boundary,True,missing_markdown;missing_moo,0.35,True,True,True,True,True,,,,,,,False,ตำบลทรงธรรม,ตำบล,ทรงธรรม,13.0,,
ตำบลนาบ่อคำ_หน_วยท_13_0001_copy,ตำบลนาบ่อคำ_หน_วยท_13_0001_copy.pdf,,,นาบ่อคำ,ตำบลนาบ่อคำ,,13.0,กำแพงเพชร,เมืองกำแพงเพชร,นาบ่อคำ,,,,,,,,False,True,16.49,99.3,User-provided approximate tambon centroid,Tambon mapping from source folder/name; coordinates are approximate centroid/reference point not official GIS boundary,True,missing_markdown;missing_moo,0.35,True,True,True,True,True,,,,,,,False,ตำบลนาบ่อคำ,ตำบล,นาบ่อคำ,13.0,,
ตำบลวังทอง_หน_วยท_13_0001_copy_2,ตำบลวังทอง_หน_วยท_13_0001_copy_2.pdf,,,วังทอง,ตำบลวังทอง,,13.0,กำแพงเพชร,เมืองกำแพงเพชร,วังทอง,,,,,,,,False,True,16.2937,99.3964,User-provided approximate tambon centroid,Tambon mapping from source folder/name; coordinates are approximate centroid/reference point not official GIS boundary,True,missing_markdown;missing_moo,0.35,True,True,True,True,True,,,,,,,False,ตำบลวังทอง,ตำบล,วังทอง,13.0,,
ตำบลทรงธรรม_หน_วยท_14_0001,ตำบลทรงธรรม_หน_วยท_14_0001.pdf,,,ทรงธรรม,ตำบลทรงธรรม,,14.0,กำแพงเพชร,เมืองกำแพงเพชร,ทรงธรรม,,,,,,,,False,True,16.5189,99.4042,User-provided approximate tambon centroid,Tambon mapping from source folder/name; coordinates are approximate centroid/reference point not official GIS boundary,True,missing_markdown;missing_moo,0.35,True,True,True,True,True,,,,,,,False,ตำบลทรงธรรม,ตำบล,ทรงธรรม,14.0,,
ตำบลนาบ่อคำ_หน_วยท_14_0001_copy,ตำบลนาบ่อคำ_หน_วยท_14_0001_copy.pdf,,,นาบ่อคำ,ตำบลนาบ่อคำ,,14.0,กำแพงเพชร,เมืองกำแพงเพชร,นาบ่อคำ,,,,,,,,False,True,16.49,99.3,User-provided approximate tambon centroid,Tambon mapping from source folder/name; coordinates are approximate centroid/reference point not official GIS boundary,True,missing_markdown;missing_moo,0.35,True,True,True,True,True,,,,,,,False,ตำบลนาบ่อคำ,ตำบล,นาบ่อคำ,14.0,,
ตำบลทรงธรรม_หน_วยท_15_0001,ตำบลทรงธรรม_หน_วยท_15_0001.pdf,,,ทรงธรรม,ตำบลทรงธรรม,,15.0,กำแพงเพชร,เมืองกำแพงเพชร,ทรงธรรม,,,,,,,,False,True,16.5189,99.4042,User-provided approximate tambon centroid,Tambon mapping from source folder/name; coordinates are approximate centroid/reference point not official GIS boundary,True,missing_markdown;missing_moo,0.35,True,True,True,True,True,,,,,,,False,ตำบลทรงธรรม,ตำบล,ทรงธรรม,15.0,,
ตำบลนาบ่อคำ_หน_วยท_15_0001_copy,ตำบลนาบ่อคำ_หน_วยท_15_0001_copy.pdf,,,นาบ่อคำ,ตำบลนาบ่อคำ,,15.0,กำแพงเพชร,เมืองกำแพงเพชร,นาบ่อคำ,,,,,,,,False,True,16.49,99.3,User-provided approximate tambon centroid,Tambon mapping from source folder/name; coordinates are approximate centroid/reference point not official GIS boundary,True,missing_markdown;missing_moo,0.35,True,True,True,True,True,,,,,,,False,ตำบลนาบ่อคำ,ตำบล,นาบ่อคำ,15.0,,
ตำบลทรงธรรม_หน_วยท_16_0001,ตำบลทรงธรรม_หน_วยท_16_0001.pdf,,,ทรงธรรม,ตำบลทรงธรรม,,16.0,กำแพงเพชร,เมืองกำแพงเพชร,ทรงธรรม,,,,,,,,False,True,16.5189,99.4042,User-provided approximate tambon centroid,Tambon mapping from source folder/name; coordinates are approximate centroid/reference point not official GIS boundary,True,missing_markdown;missing_moo,0.35,True,True,True,True,True,,,,,,,False,ตำบลทรงธรรม,ตำบล,ทรงธรรม,16.0,,
ตำบลนาบ่อคำ_หน_วยท_16_0001_copy,ตำบลนาบ่อคำ_หน_วยท_16_0001_copy.pdf,,,นาบ่อคำ,ตำบลนาบ่อคำ,,16.0,กำแพงเพชร,เมืองกำแพงเพชร,นาบ่อคำ,,,,,,,,False,True,16.49,99.3,User-provided approximate tambon centroid,Tambon mapping from source folder/name; coordinates are approximate centroid/reference point not official GIS boundary,True,missing_markdown;missing_moo,0.35,True,True,True,True,True,,,,,,,False,ตำบลนาบ่อคำ,ตำบล,นาบ่อคำ,16.0,,
ตำบลนาบ่อคำ_หน_วยท_17_0001_copy,ตำบลนาบ่อคำ_หน_วยท_17_0001_copy.pdf,,,นาบ่อคำ,ตำบลนาบ่อคำ,,17.0,กำแพงเพชร,เมืองกำแพงเพชร,นาบ่อคำ,,,,,,,,False,True,16.49,99.3,User-provided approximate tambon centroid,Tambon mapping from source folder/name; coordinates are approximate centroid/reference point not official GIS boundary,True,missing_markdown;missing_moo,0.35,True,True,True,True,True,,,,,,,False,ตำบลนาบ่อคำ,ตำบล,นาบ่อคำ,17.0,,
ตำบลทรงธรรม_หน_วยท_18_0001,ตำบลทรงธรรม_หน_วยท_18_0001.pdf,,,ทรงธรรม,ตำบลทรงธรรม,,18.0,กำแพงเพชร,เมืองกำแพงเพชร,ทรงธรรม,,,,,,,,False,True,16.5189,99.4042,User-provided approximate tambon centroid,Tambon mapping from source folder/name; coordinates are approximate centroid/reference point not official GIS boundary,True,missing_markdown;missing_moo,0.35,True,True,True,True,True,,,,,,,False,ตำบลทรงธรรม,ตำบล,ทรงธรรม,18.0,,
ตำบลนาบ่อคำ_หน_วยท_18_0001_copy,ตำบลนาบ่อคำ_หน_วยท_18_0001_copy.pdf,,,นาบ่อคำ,ตำบลนาบ่อคำ,,18.0,กำแพงเพชร,เมืองกำแพงเพชร,นาบ่อคำ,,,,,,,,False,True,16.49,99.3,User-provided approximate tambon centroid,Tambon mapping from source folder/name; coordinates are approximate centroid/reference point not official GIS boundary,True,missing_markdown;missing_moo,0.35,True,True,True,True,True,,,,,,,False,ตำบลนาบ่อคำ,ตำบล,นาบ่อคำ,18.0,,
ตำบลทรงธรรม_หน_วยท_19_0001,ตำบลทรงธรรม_หน_วยท_19_0001.pdf,,,ทรงธรรม,ตำบลทรงธรรม,,19.0,กำแพงเพชร,เมืองกำแพงเพชร,ทรงธรรม,,,,,,,,False,True,16.5189,99.4042,User-provided approximate tambon centroid,Tambon mapping from source folder/name; coordinates are approximate centroid/reference point not official GIS boundary,True,missing_markdown;missing_moo,0.35,True,True,True,True,True,,,,,,,False,ตำบลทรงธรรม,ตำบล,ทรงธรรม,19.0,,
ตำบลนาบ่อคำ_หน_วยท_19_0001_copy,ตำบลนาบ่อคำ_หน_วยท_19_0001_copy.pdf,,,นาบ่อคำ,ตำบลนาบ่อคำ,,19.0,กำแพงเพชร,เมืองกำแพงเพชร,นาบ่อคำ,,,,,,,,False,True,16.49,99.3,User-provided approximate tambon centroid,Tambon mapping from source folder/name; coordinates are approximate centroid/reference point not official GIS boundary,True,missing_markdown;missing_moo,0.35,True,True,True,True,True,,,,,,,False,ตำบลนาบ่อคำ,ตำบล,นาบ่อคำ,19.0,,
ตำบลทรงธรรม_หน_วยท_1_0001,ตำบลทรงธรรม_หน_วยท_1_0001.pdf,,,ทรงธรรม,ตำบลทรงธรรม,,1.0,กำแพงเพชร,เมืองกำแพงเพชร,ทรงธรรม,,,,,,,,False,True,16.5189,99.4042,User-provided approximate tambon centroid,Tambon mapping from source folder/name; coordinates are approximate centroid/reference point not official GIS boundary,True,missing_markdown;missing_moo,0.35,True,True,True,True,True,,,,,,,False,ตำบลทรงธรรม,ตำบล,ทรงธรรม,1.0,,
ตำบลนาบ่อคำ_หน_วยท_1_0001_copy,ตำบลนาบ่อคำ_หน_วยท_1_0001_copy.pdf,,,นาบ่อคำ,ตำบลนาบ่อคำ,,1.0,กำแพงเพชร,เมืองกำแพงเพชร,นาบ่อคำ,,,,,,,,False,True,16.49,99.3,User-provided approximate tambon centroid,Tambon mapping from source folder/name; coordinates are approximate centroid/reference point not official GIS boundary,True,missing_markdown;missing_moo,0.35,True,True,True,True,True,,,,,,,False,ตำบลนาบ่อคำ,ตำบล,นาบ่อคำ,1.0,,
ตำบลวังทอง_หน_วยท_1_0001_copy_2,ตำบลวังทอง_หน_วยท_1_0001_copy_2.pdf,,,วังทอง,ตำบลวังทอง,,1.0,กำแพงเพชร,เมืองกำแพงเพชร,วังทอง,,,,,,,,False,True,16.2937,99.3964,User-provided approximate tambon centroid,Tambon mapping from source folder/name; coordinates are approximate centroid/reference point not official GIS boundary,True,missing_markdown;missing_moo,0.35,True,True,True,True,True,,,,,,,False,ตำบลวังทอง,ตำบล,วังทอง,1.0,,
ตำบลทรงธรรม_หน_วยท_20_0001,ตำบลทรงธรรม_หน_วยท_20_0001.pdf,,,ทรงธรรม,ตำบลทรงธรรม,,20.0,กำแพงเพชร,เมืองกำแพงเพชร,ทรงธรรม,,,,,,,,False,True,16.5189,99.4042,User-provided approximate tambon centroid,Tambon mapping from source folder/name; coordinates are approximate centroid/reference point not official GIS boundary,True,missing_markdown;missing_moo,0.35,True,True,True,True,True,,,,,,,False,ตำบลทรงธรรม,ตำบล,ทรงธรรม,20.0,,
ตำบลนาบ่อคำ_หน_วยท_20_0001_copy,ตำบลนาบ่อคำ_หน_วยท_20_0001_copy.pdf,,,นาบ่อคำ,ตำบลนาบ่อคำ,,20.0,กำแพงเพชร,เมืองกำแพงเพชร,นาบ่อคำ,,,,,,,,False,True,16.49,99.3,User-provided approximate tambon centroid,Tambon mapping from source folder/name; coordinates are approximate centroid/reference point not official GIS boundary,True,missing_markdown;missing_moo,0.35,True,True,True,True,True,,,,,,,False,ตำบลนาบ่อคำ,ตำบล,นาบ่อคำ,20.0,,
ตำบลทรงธรรม_หน_วยท_21_0001,ตำบลทรงธรรม_หน_วยท_21_0001.pdf,,,ทรงธรรม,ตำบลทรงธรรม,,21.0,กำแพงเพชร,เมืองกำแพงเพชร,ทรงธรรม,,,,,,,,False,True,16.5189,99.4042,User-provided approximate tambon centroid,Tambon mapping from source folder/name; coordinates are approximate centroid/reference point not official GIS boundary,True,missing_markdown;missing_moo,0.35,True,True,True,True,True,,,,,,,False,ตำบลทรงธรรม,ตำบล,ทรงธรรม,21.0,,
ตำบลนาบ่อคำ_หน_วยท_21_0001_copy,ตำบลนาบ่อคำ_หน_วยท_21_0001_copy.pdf,,,นาบ่อคำ,ตำบลนาบ่อคำ,,21.0,กำแพงเพชร,เมืองกำแพงเพชร,นาบ่อคำ,,,,,,,,False,True,16.49,99.3,User-provided approximate tambon centroid,Tambon mapping from source folder/name; coordinates are approximate centroid/reference point not official GIS boundary,True,missing_markdown;missing_moo,0.35,True,True,True,True,True,,,,,,,False,ตำบลนาบ่อคำ,ตำบล,นาบ่อคำ,21.0,,
ตำบลทรงธรรม_หน_วยท_22_0001,ตำบลทรงธรรม_หน_วยท_22_0001.pdf,,,ทรงธรรม,ตำบลทรงธรรม,,22.0,กำแพงเพชร,เมืองกำแพงเพชร,ทรงธรรม,,,,,,,,False,True,16.5189,99.4042,User-provided approximate tambon centroid,Tambon mapping from source folder/name; coordinates are approximate centroid/reference point not official GIS boundary,True,missing_markdown;missing_moo,0.35,True,True,True,True,True,,,,,,,False,ตำบลทรงธรรม,ตำบล,ทรงธรรม,22.0,,
ตำบลทรงธรรม_หน_วยท_23_0001,ตำบลทรงธรรม_หน_วยท_23_0001.pdf,,,ทรงธรรม,ตำบลทรงธรรม,,23.0,กำแพงเพชร,เมืองกำแพงเพชร,ทรงธรรม,,,,,,,,False,True,16.5189,99.4042,User-provided approximate tambon centroid,Tambon mapping from source folder/name; coordinates are approximate centroid/reference point not official GIS boundary,True,missing_markdown;missing_moo,0.35,True,True,True,True,True,,,,,,,False,ตำบลทรงธรรม,ตำบล,ทรงธรรม,23.0,,
ตำบลทรงธรรม_หน_วยท_24_0001,ตำบลทรงธรรม_หน_วยท_24_0001.pdf,,,ทรงธรรม,ตำบลทรงธรรม,,24.0,กำแพงเพชร,เมืองกำแพงเพชร,ทรงธรรม,,,,,,,,False,True,16.5189,99.4042,User-provided approximate tambon centroid,Tambon mapping from source folder/name; coordinates are approximate centroid/reference point not official GIS boundary,True,missing_markdown;missing_moo,0.35,True,True,True,True,True,,,,,,,False,ตำบลทรงธรรม,ตำบล,ทรงธรรม,24.0,,
ตำบลทรงธรรม_หน_วยท_25_0001,ตำบลทรงธรรม_หน_วยท_25_0001.pdf,,,ทรงธรรม,ตำบลทรงธรรม,,25.0,กำแพงเพชร,เมืองกำแพงเพชร,ทรงธรรม,,,,,,,,False,True,16.5189,99.4042,User-provided approximate tambon centroid,Tambon mapping from source folder/name; coordinates are approximate centroid/reference point not official GIS boundary,True,missing_markdown;missing_moo,0.35,True,True,True,True,True,,,,,,,False,ตำบลทรงธรรม,ตำบล,ทรงธรรม,25.0,,
ตำบลทรงธรรม_หน_วยท_26_0001,ตำบลทรงธรรม_หน_วยท_26_0001.pdf,,,ทรงธรรม,ตำบลทรงธรรม,,26.0,กำแพงเพชร,เมืองกำแพงเพชร,ทรงธรรม,,,,,,,,False,True,16.5189,99.4042,User-provided approximate tambon centroid,Tambon mapping from source folder/name; coordinates are approximate centroid/reference point not official GIS boundary,True,missing_markdown;missing_moo,0.35,True,True,True,True,True,,,,,,,False,ตำบลทรงธรรม,ตำบล,ทรงธรรม,26.0,,
ตำบลทรงธรรม_หน_วยท_27_0001,ตำบลทรงธรรม_หน_วยท_27_0001.pdf,,,ทรงธรรม,ตำบลทรงธรรม,,27.0,กำแพงเพชร,เมืองกำแพงเพชร,ทรงธรรม,,,,,,,,False,True,16.5189,99.4042,User-provided approximate tambon centroid,Tambon mapping from source folder/name; coordinates are approximate centroid/reference point not official GIS boundary,True,missing_markdown;missing_moo,0.35,True,True,True,True,True,,,,,,,False,ตำบลทรงธรรม,ตำบล,ทรงธรรม,27.0,,
ตำบลทรงธรรม_หน_วยท_28_0001,ตำบลทรงธรรม_หน_วยท_28_0001.pdf,,,ทรงธรรม,ตำบลทรงธรรม,,28.0,กำแพงเพชร,เมืองกำแพงเพชร,ทรงธรรม,,,,,,,,False,True,16.5189,99.4042,User-provided approximate tambon centroid,Tambon mapping from source folder/name; coordinates are approximate centroid/reference point not official GIS boundary,True,missing_markdown;missing_moo,0.35,True,True,True,True,True,,,,,,,False,ตำบลทรงธรรม,ตำบล,ทรงธรรม,28.0,,
ตำบลทรงธรรม_หน_วยท_29_0001,ตำบลทรงธรรม_หน_วยท_29_0001.pdf,,,ทรงธรรม,ตำบลทรงธรรม,,29.0,กำแพงเพชร,เมืองกำแพงเพชร,ทรงธรรม,,,,,,,,False,True,16.5189,99.4042,User-provided approximate tambon centroid,Tambon mapping from source folder/name; coordinates are approximate centroid/reference point not official GIS boundary,True,missing_markdown;missing_moo,0.35,True,True,True,True,True,,,,,,,False,ตำบลทรงธรรม,ตำบล,ทรงธรรม,29.0,,
ตำบลทรงธรรม_หน_วยท_2_0001,ตำบลทรงธรรม_หน_วยท_2_0001.pdf,,,ทรงธรรม,ตำบลทรงธรรม,,2.0,กำแพงเพชร,เมืองกำแพงเพชร,ทรงธรรม,,,,,,,,False,True,16.5189,99.4042,User-provided approximate tambon centroid,Tambon mapping from source folder/name; coordinates are approximate centroid/reference point not official GIS boundary,True,missing_markdown;missing_moo,0.35,True,True,True,True,True,,,,,,,False,ตำบลทรงธรรม,ตำบล,ทรงธรรม,2.0,,
ตำบลนาบ่อคำ_หน_วยท_2_0001_copy,ตำบลนาบ่อคำ_หน_วยท_2_0001_copy.pdf,,,นาบ่อคำ,ตำบลนาบ่อคำ,,2.0,กำแพงเพชร,เมืองกำแพงเพชร,นาบ่อคำ,,,,,,,,False,True,16.49,99.3,User-provided approximate tambon centroid,Tambon mapping from source folder/name; coordinates are approximate centroid/reference point not official GIS boundary,True,missing_markdown;missing_moo,0.35,True,True,True,True,True,,,,,,,False,ตำบลนาบ่อคำ,ตำบล,นาบ่อคำ,2.0,,
ตำบลวังทอง_หน_วยท_2_0001_copy_2,ตำบลวังทอง_หน_วยท_2_0001_copy_2.pdf,,,วังทอง,ตำบลวังทอง,,2.0,กำแพงเพชร,เมืองกำแพงเพชร,วังทอง,,,,,,,,False,True,16.2937,99.3964,User-provided approximate tambon centroid,Tambon mapping from source folder/name; coordinates are approximate centroid/reference point not official GIS boundary,True,missing_markdown;missing_moo,0.35,True,True,True,True,True,,,,,,,False,ตำบลวังทอง,ตำบล,วังทอง,2.0,,
ตำบลทรงธรรม_หน_วยท_30_0001,ตำบลทรงธรรม_หน_วยท_30_0001.pdf,,,ทรงธรรม,ตำบลทรงธรรม,,30.0,กำแพงเพชร,เมืองกำแพงเพชร,ทรงธรรม,,,,,,,,False,True,16.5189,99.4042,User-provided approximate tambon centroid,Tambon mapping from source folder/name; coordinates are approximate centroid/reference point not official GIS boundary,True,missing_markdown;missing_moo,0.35,True,True,True,True,True,,,,,,,False,ตำบลทรงธรรม,ตำบล,ทรงธรรม,30.0,,
ตำบลทรงธรรม_หน_วยท_31_0001,ตำบลทรงธรรม_หน_วยท_31_0001.pdf,,,ทรงธรรม,ตำบลทรงธรรม,,31.0,กำแพงเพชร,เมืองกำแพงเพชร,ทรงธรรม,,,,,,,,False,True,16.5189,99.4042,User-provided approximate tambon centroid,Tambon mapping from source folder/name; coordinates are approximate centroid/reference point not official GIS boundary,True,missing_markdown;missing_moo,0.35,True,True,True,True,True,,,,,,,False,ตำบลทรงธรรม,ตำบล,ทรงธรรม,31.0,,
ตำบลทรงธรรม_หน_วยท_32_0001,ตำบลทรงธรรม_หน_วยท_32_0001.pdf,,,ทรงธรรม,ตำบลทรงธรรม,,32.0,กำแพงเพชร,เมืองกำแพงเพชร,ทรงธรรม,,,,,,,,False,True,16.5189,99.4042,User-provided approximate tambon centroid,Tambon mapping from source folder/name; coordinates are approximate centroid/reference point not official GIS boundary,True,missing_markdown;missing_moo,0.35,True,True,True,True,True,,,,,,,False,ตำบลทรงธรรม,ตำบล,ทรงธรรม,32.0,,
ตำบลทรงธรรม_หน_วยท_3_0001,ตำบลทรงธรรม_หน_วยท_3_0001.pdf,,,ทรงธรรม,ตำบลทรงธรรม,,3.0,กำแพงเพชร,เมืองกำแพงเพชร,ทรงธรรม,,,,,,,,False,True,16.5189,99.4042,User-provided approximate tambon centroid,Tambon mapping from source folder/name; coordinates are approximate centroid/reference point not official GIS boundary,True,missing_markdown;missing_moo,0.35,True,True,True,True,True,,,,,,,False,ตำบลทรงธรรม,ตำบล,ทรงธรรม,3.0,,
ตำบลนาบ่อคำ_หน_วยท_3_0001_copy,ตำบลนาบ่อคำ_หน_วยท_3_0001_copy.pdf,,,นาบ่อคำ,ตำบลนาบ่อคำ,,3.0,กำแพงเพชร,เมืองกำแพงเพชร,นาบ่อคำ,,,,,,,,False,True,16.49,99.3,User-provided approximate tambon centroid,Tambon mapping from source folder/name; coordinates are approximate centroid/reference point not official GIS boundary,True,missing_markdown;missing_moo,0.35,True,True,True,True,True,,,,,,,False,ตำบลนาบ่อคำ,ตำบล,นาบ่อคำ,3.0,,
ตำบลวังทอง_หน_วยท_3_0001_copy_2,ตำบลวังทอง_หน_วยท_3_0001_copy_2.pdf,,,วังทอง,ตำบลวังทอง,,3.0,กำแพงเพชร,เมืองกำแพงเพชร,วังทอง,,,,,,,,False,True,16.2937,99.3964,User-provided approximate tambon centroid,Tambon mapping from source folder/name; coordinates are approximate centroid/reference point not official GIS boundary,True,missing_markdown;missing_moo,0.35,True,True,True,True,True,,,,,,,False,ตำบลวังทอง,ตำบล,วังทอง,3.0,,
ตำบลนาบ่อคำ_หน_วยท_4_0001_copy,ตำบลนาบ่อคำ_หน_วยท_4_0001_copy.pdf,,,นาบ่อคำ,ตำบลนาบ่อคำ,,4.0,กำแพงเพชร,เมืองกำแพงเพชร,นาบ่อคำ,,,,,,,,False,True,16.49,99.3,User-provided approximate tambon centroid,Tambon mapping from source folder/name; coordinates are approximate centroid/reference point not official GIS boundary,True,missing_markdown;missing_moo,0.35,True,True,True,True,True,,,,,,,False,ตำบลนาบ่อคำ,ตำบล,นาบ่อคำ,4.0,,
ตำบลวังทอง_หน_วยท_4_0001_copy_2,ตำบลวังทอง_หน_วยท_4_0001_copy_2.pdf,,,วังทอง,ตำบลวังทอง,,4.0,กำแพงเพชร,เมืองกำแพงเพชร,วังทอง,,,,,,,,False,True,16.2937,99.3964,User-provided approximate tambon centroid,Tambon mapping from source folder/name; coordinates are approximate centroid/reference point not official GIS boundary,True,missing_markdown;missing_moo,0.35,True,True,True,True,True,,,,,,,False,ตำบลวังทอง,ตำบล,วังทอง,4.0,,
ตำบลทรงธรรม_หน_วยท_5_0001,ตำบลทรงธรรม_หน_วยท_5_0001.pdf,,,ทรงธรรม,ตำบลทรงธรรม,,5.0,กำแพงเพชร,เมืองกำแพงเพชร,ทรงธรรม,,,,,,,,False,True,16.5189,99.4042,User-provided approximate tambon centroid,Tambon mapping from source folder/name; coordinates are approximate centroid/reference point not official GIS boundary,True,missing_markdown;missing_moo,0.35,True,True,True,True,True,,,,,,,False,ตำบลทรงธรรม,ตำบล,ทรงธรรม,5.0,,
ตำบลนาบ่อคำ_หน_วยท_5_0001_copy,ตำบลนาบ่อคำ_หน_วยท_5_0001_copy.pdf,,,นาบ่อคำ,ตำบลนาบ่อคำ,,5.0,กำแพงเพชร,เมืองกำแพงเพชร,นาบ่อคำ,,,,,,,,False,True,16.49,99.3,User-provided approximate tambon centroid,Tambon mapping from source folder/name; coordinates are approximate centroid/reference point not official GIS boundary,True,missing_markdown;missing_moo,0.35,True,True,True,True,True,,,,,,,False,ตำบลนาบ่อคำ,ตำบล,นาบ่อคำ,5.0,,
ตำบลวังทอง_หน_วยท_5_0001_copy_2,ตำบลวังทอง_หน_วยท_5_0001_copy_2.pdf,,,วังทอง,ตำบลวังทอง,,5.0,กำแพงเพชร,เมืองกำแพงเพชร,วังทอง,,,,,,,,False,True,16.2937,99.3964,User-provided approximate tambon centroid,Tambon mapping from source folder/name; coordinates are approximate centroid/reference point not official GIS boundary,True,missing_markdown;missing_moo,0.35,True,True,True,True,True,,,,,,,False,ตำบลวังทอง,ตำบล,วังทอง,5.0,,
ตำบลทรงธรรม_หน_วยท_6_0001,ตำบลทรงธรรม_หน_วยท_6_0001.pdf,,,ทรงธรรม,ตำบลทรงธรรม,,6.0,กำแพงเพชร,เมืองกำแพงเพชร,ทรงธรรม,,,,,,,,False,True,16.5189,99.4042,User-provided approximate tambon centroid,Tambon mapping from source folder/name; coordinates are approximate centroid/reference point not official GIS boundary,True,missing_markdown;missing_moo,0.35,True,True,True,True,True,,,,,,,False,ตำบลทรงธรรม,ตำบล,ทรงธรรม,6.0,,
ตำบลนาบ่อคำ_หน_วยท_6_0001_copy,ตำบลนาบ่อคำ_หน_วยท_6_0001_copy.pdf,,,นาบ่อคำ,ตำบลนาบ่อคำ,,6.0,กำแพงเพชร,เมืองกำแพงเพชร,นาบ่อคำ,,,,,,,,False,True,16.49,99.3,User-provided approximate tambon centroid,Tambon mapping from source folder/name; coordinates are approximate centroid/reference point not official GIS boundary,True,missing_markdown;missing_moo,0.35,True,True,True,True,True,,,,,,,False,ตำบลนาบ่อคำ,ตำบล,นาบ่อคำ,6.0,,
ตำบลวังทอง_หน_วยท_6_0001_copy_2,ตำบลวังทอง_หน_วยท_6_0001_copy_2.pdf,,,วังทอง,ตำบลวังทอง,,6.0,กำแพงเพชร,เมืองกำแพงเพชร,วังทอง,,,,,,,,False,True,16.2937,99.3964,User-provided approximate tambon centroid,Tambon mapping from source folder/name; coordinates are approximate centroid/reference point not official GIS boundary,True,missing_markdown;missing_moo,0.35,True,True,True,True,True,,,,,,,False,ตำบลวังทอง,ตำบล,วังทอง,6.0,,
ตำบลทรงธรรม_หน_วยท_7_0001,ตำบลทรงธรรม_หน_วยท_7_0001.pdf,,,ทรงธรรม,ตำบลทรงธรรม,,7.0,กำแพงเพชร,เมืองกำแพงเพชร,ทรงธรรม,,,,,,,,False,True,16.5189,99.4042,User-provided approximate tambon centroid,Tambon mapping from source folder/name; coordinates are approximate centroid/reference point not official GIS boundary,True,missing_markdown;missing_moo,0.35,True,True,True,True,True,,,,,,,False,ตำบลทรงธรรม,ตำบล,ทรงธรรม,7.0,,
ตำบลนาบ่อคำ_หน_วยท_7_0001_copy,ตำบลนาบ่อคำ_หน_วยท_7_0001_copy.pdf,,,นาบ่อคำ,ตำบลนาบ่อคำ,,7.0,กำแพงเพชร,เมืองกำแพงเพชร,นาบ่อคำ,,,,,,,,False,True,16.49,99.3,User-provided approximate tambon centroid,Tambon mapping from source folder/name; coordinates are approximate centroid/reference point not official GIS boundary,True,missing_markdown;missing_moo,0.35,True,True,True,True,True,,,,,,,False,ตำบลนาบ่อคำ,ตำบล,นาบ่อคำ,7.0,,
ตำบลวังทอง_หน_วยท_7_0001_copy_2,ตำบลวังทอง_หน_วยท_7_0001_copy_2.pdf,,,วังทอง,ตำบลวังทอง,,7.0,กำแพงเพชร,เมืองกำแพงเพชร,วังทอง,,,,,,,,False,True,16.2937,99.3964,User-provided approximate tambon centroid,Tambon mapping from source folder/name; coordinates are approximate centroid/reference point not official GIS boundary,True,missing_markdown;missing_moo,0.35,True,True,True,True,True,,,,,,,False,ตำบลวังทอง,ตำบล,วังทอง,7.0,,
ตำบลทรงธรรม_หน_วยท_8_0001,ตำบลทรงธรรม_หน_วยท_8_0001.pdf,,,ทรงธรรม,ตำบลทรงธรรม,,8.0,กำแพงเพชร,เมืองกำแพงเพชร,ทรงธรรม,,,,,,,,False,True,16.5189,99.4042,User-provided approximate tambon centroid,Tambon mapping from source folder/name; coordinates are approximate centroid/reference point not official GIS boundary,True,missing_markdown;missing_moo,0.35,True,True,True,True,True,,,,,,,False,ตำบลทรงธรรม,ตำบล,ทรงธรรม,8.0,,
ตำบลนาบ่อคำ_หน_วยท_8_0001_copy,ตำบลนาบ่อคำ_หน_วยท_8_0001_copy.pdf,,,นาบ่อคำ,ตำบลนาบ่อคำ,,8.0,กำแพงเพชร,เมืองกำแพงเพชร,นาบ่อคำ,,,,,,,,False,True,16.49,99.3,User-provided approximate tambon centroid,Tambon mapping from source folder/name; coordinates are approximate centroid/reference point not official GIS boundary,True,missing_markdown;missing_moo,0.35,True,True,True,True,True,,,,,,,False,ตำบลนาบ่อคำ,ตำบล,นาบ่อคำ,8.0,,
ตำบลวังทอง_หน_วยท_8_0001_copy_2,ตำบลวังทอง_หน_วยท_8_0001_copy_2.pdf,,,วังทอง,ตำบลวังทอง,,8.0,กำแพงเพชร,เมืองกำแพงเพชร,วังทอง,,,,,,,,False,True,16.2937,99.3964,User-provided approximate tambon centroid,Tambon mapping from source folder/name; coordinates are approximate centroid/reference point not official GIS boundary,True,missing_markdown;missing_moo,0.35,True,True,True,True,True,,,,,,,False,ตำบลวังทอง,ตำบล,วังทอง,8.0,,
ตำบลทรงธรรม_หน_วยท_9_0001,ตำบลทรงธรรม_หน_วยท_9_0001.pdf,,,ทรงธรรม,ตำบลทรงธรรม,,9.0,กำแพงเพชร,เมืองกำแพงเพชร,ทรงธรรม,,,,,,,,False,True,16.5189,99.4042,User-provided approximate tambon centroid,Tambon mapping from source folder/name; coordinates are approximate centroid/reference point not official GIS boundary,True,missing_markdown;missing_moo,0.35,True,True,True,True,True,,,,,,,False,ตำบลทรงธรรม,ตำบล,ทรงธรรม,9.0,,
ตำบลนาบ่อคำ_หน_วยท_9_0001_copy,ตำบลนาบ่อคำ_หน_วยท_9_0001_copy.pdf,,,นาบ่อคำ,ตำบลนาบ่อคำ,,9.0,กำแพงเพชร,เมืองกำแพงเพชร,นาบ่อคำ,,,,,,,,False,True,16.49,99.3,User-provided approximate tambon centroid,Tambon mapping from source folder/name; coordinates are approximate centroid/reference point not official GIS boundary,True,missing_markdown;missing_moo,0.35,True,True,True,True,True,,,,,,,False,ตำบลนาบ่อคำ,ตำบล,นาบ่อคำ,9.0,,
ตำบลวังทอง_หน_วยท_9_0001_copy_2,ตำบลวังทอง_หน_วยท_9_0001_copy_2.pdf,,,วังทอง,ตำบลวังทอง,,9.0,กำแพงเพชร,เมืองกำแพงเพชร,วังทอง,,,,,,,,False,True,16.2937,99.3964,User-provided approximate tambon centroid,Tambon mapping from source folder/name; coordinates are approximate centroid/reference point not official GIS boundary,True,missing_markdown;missing_moo,0.35,True,True,True,True,True,,,,,,,False,ตำบลวังทอง,ตำบล,วังทอง,9.0,,
ตำบลทรงธรรม_หน_วยเล_อกต_งท_1,ตำบลทรงธรรม_หน_วยเล_อกต_งท_1.pdf,,,ทรงธรรม,ตำบลทรงธรรม,,1.0,กำแพงเพชร,เมืองกำแพงเพชร,ทรงธรรม,,,,,,,,False,True,16.5189,99.4042,User-provided approximate tambon centroid,Tambon mapping from source folder/name; coordinates are approximate centroid/reference point not official GIS boundary,True,missing_markdown;missing_moo,0.35,True,True,True,True,True,,,,,,,False,ตำบลทรงธรรม,ตำบล,ทรงธรรม,1.0,,
ตำบลทรงธรรม_หน_วยเล_อกต_งท_10,ตำบลทรงธรรม_หน_วยเล_อกต_งท_10.pdf,,,ทรงธรรม,ตำบลทรงธรรม,,10.0,กำแพงเพชร,เมืองกำแพงเพชร,ทรงธรรม,,,,,,,,False,True,16.5189,99.4042,User-provided approximate tambon centroid,Tambon mapping from source folder/name; coordinates are approximate centroid/reference point not official GIS boundary,True,missing_markdown;missing_moo,0.35,True,True,True,True,True,,,,,,,False,ตำบลทรงธรรม,ตำบล,ทรงธรรม,10.0,,
ตำบลทรงธรรม_หน_วยเล_อกต_งท_11,ตำบลทรงธรรม_หน_วยเล_อกต_งท_11.pdf,,,ทรงธรรม,ตำบลทรงธรรม,,11.0,กำแพงเพชร,เมืองกำแพงเพชร,ทรงธรรม,,,,,,,,False,True,16.5189,99.4042,User-provided approximate tambon centroid,Tambon mapping from source folder/name; coordinates are approximate centroid/reference point not official GIS boundary,True,missing_markdown;missing_moo,0.35,True,True,True,True,True,,,,,,,False,ตำบลทรงธรรม,ตำบล,ทรงธรรม,11.0,,
ตำบลทรงธรรม_หน_วยเล_อกต_งท_2,ตำบลทรงธรรม_หน_วยเล_อกต_งท_2.pdf,,,ทรงธรรม,ตำบลทรงธรรม,,2.0,กำแพงเพชร,เมืองกำแพงเพชร,ทรงธรรม,,,,,,,,False,True,16.5189,99.4042,User-provided approximate tambon centroid,Tambon mapping from source folder/name; coordinates are approximate centroid/reference point not official GIS boundary,True,missing_markdown;missing_moo,0.35,True,True,True,True,True,,,,,,,False,ตำบลทรงธรรม,ตำบล,ทรงธรรม,2.0,,
ตำบลทรงธรรม_หน_วยเล_อกต_งท_3,ตำบลทรงธรรม_หน_วยเล_อกต_งท_3.pdf,,,ทรงธรรม,ตำบลทรงธรรม,,3.0,กำแพงเพชร,เมืองกำแพงเพชร,ทรงธรรม,,,,,,,,False,True,16.5189,99.4042,User-provided approximate tambon centroid,Tambon mapping from source folder/name; coordinates are approximate centroid/reference point not official GIS boundary,True,missing_markdown;missing_moo,0.35,True,True,True,True,True,,,,,,,False,ตำบลทรงธรรม,ตำบล,ทรงธรรม,3.0,,
ตำบลทรงธรรม_หน_วยเล_อกต_งท_4,ตำบลทรงธรรม_หน_วยเล_อกต_งท_4.pdf,,,ทรงธรรม,ตำบลทรงธรรม,,4.0,กำแพงเพชร,เมืองกำแพงเพชร,ทรงธรรม,,,,,,,,False,True,16.5189,99.4042,User-provided approximate tambon centroid,Tambon mapping from source folder/name; coordinates are approximate centroid/reference point not official GIS boundary,True,missing_markdown;missing_moo,0.35,True,True,True,True,True,,,,,,,False,ตำบลทรงธรรม,ตำบล,ทรงธรรม,4.0,,
ตำบลทรงธรรม_หน_วยเล_อกต_งท_5,ตำบลทรงธรรม_หน_วยเล_อกต_งท_5.pdf,,,ทรงธรรม,ตำบลทรงธรรม,,5.0,กำแพงเพชร,เมืองกำแพงเพชร,ทรงธรรม,,,,,,,,False,True,16.5189,99.4042,User-provided approximate tambon centroid,Tambon mapping from source folder/name; coordinates are approximate centroid/reference point not official GIS boundary,True,missing_markdown;missing_moo,0.35,True,True,True,True,True,,,,,,,False,ตำบลทรงธรรม,ตำบล,ทรงธรรม,5.0,,
ตำบลทรงธรรม_หน_วยเล_อกต_งท_6,ตำบลทรงธรรม_หน_วยเล_อกต_งท_6.pdf,,,ทรงธรรม,ตำบลทรงธรรม,,6.0,กำแพงเพชร,เมืองกำแพงเพชร,ทรงธรรม,,,,,,,,False,True,16.5189,99.4042,User-provided approximate tambon centroid,Tambon mapping from source folder/name; coordinates are approximate centroid/reference point not official GIS boundary,True,missing_markdown;missing_moo,0.35,True,True,True,True,True,,,,,,,False,ตำบลทรงธรรม,ตำบล,ทรงธรรม,6.0,,
ตำบลทรงธรรม_หน_วยเล_อกต_งท_7,ตำบลทรงธรรม_หน_วยเล_อกต_งท_7.pdf,,,ทรงธรรม,ตำบลทรงธรรม,,7.0,กำแพงเพชร,เมืองกำแพงเพชร,ทรงธรรม,,,,,,,,False,True,16.5189,99.4042,User-provided approximate tambon centroid,Tambon mapping from source folder/name; coordinates are approximate centroid/reference point not official GIS boundary,True,missing_markdown;missing_moo,0.35,True,True,True,True,True,,,,,,,False,ตำบลทรงธรรม,ตำบล,ทรงธรรม,7.0,,
ตำบลทรงธรรม_หน_วยเล_อกต_งท_8,ตำบลทรงธรรม_หน_วยเล_อกต_งท_8.pdf,,,ทรงธรรม,ตำบลทรงธรรม,,8.0,กำแพงเพชร,เมืองกำแพงเพชร,ทรงธรรม,,,,,,,,False,True,16.5189,99.4042,User-provided approximate tambon centroid,Tambon mapping from source folder/name; coordinates are approximate centroid/reference point not official GIS boundary,True,missing_markdown;missing_moo,0.35,True,True,True,True,True,,,,,,,False,ตำบลทรงธรรม,ตำบล,ทรงธรรม,8.0,,
ตำบลทรงธรรม_หน_วยเล_อกต_งท_9,ตำบลทรงธรรม_หน_วยเล_อกต_งท_9.pdf,,,ทรงธรรม,ตำบลทรงธรรม,,9.0,กำแพงเพชร,เมืองกำแพงเพชร,ทรงธรรม,,,,,,,,False,True,16.5189,99.4042,User-provided approximate tambon centroid,Tambon mapping from source folder/name; coordinates are approximate centroid/reference point not official GIS boundary,True,missing_markdown;missing_moo,0.35,True,True,True,True,True,,,,,,,False,ตำบลทรงธรรม,ตำบล,ทรงธรรม,9.0,,
ตำบลทรงธรรม_หน_วยท_17_0001,ตำบลทรงธรรม_หน_วยท_17_0001.pdf,,,ทรงธรรม,ตำบลทรงธรรม,,17.0,กำแพงเพชร,เมืองกำแพงเพชร,ทรงธรรม,,,,,,,,False,True,16.5189,99.4042,User-provided approximate tambon centroid,Tambon mapping from source folder/name; coordinates are approximate centroid/reference point not official GIS boundary,True,missing_markdown;missing_moo,0.35,True,True,True,True,True,,,,,,,False,ตำบลทรงธรรม,ตำบล,ทรงธรรม,17.0,,
ตำบลทรงธรรม_หน_วยท_4_0001,ตำบลทรงธรรม_หน_วยท_4_0001.pdf,,,ทรงธรรม,ตำบลทรงธรรม,,4.0,กำแพงเพชร,เมืองกำแพงเพชร,ทรงธรรม,,,,,,,,False,True,16.5189,99.4042,User-provided approximate tambon centroid,Tambon mapping from source folder/name; coordinates are approximate centroid/reference point not official GIS boundary,True,missing_markdown;missing_moo,0.35,True,True,True,True,True,,,,,,,False,ตำบลทรงธรรม,ตำบล,ทรงธรรม,4.0,,
ตำบลคณฑ_หน_วยเล_อกต_งท_1,ตำบลคณฑ_หน_วยเล_อกต_งท_1.pdf,,,คณฑี,ตำบลคณฑี,,1.0,กำแพงเพชร,เมืองกำแพงเพชร,คณฑี,,,,,,,,False,True,16.363,99.6541,User-provided approximate tambon centroid,Tambon mapping from source folder/name; coordinates are approximate centroid/reference point not official GIS boundary,True,missing_markdown;missing_moo,0.35,True,True,True,True,True,,,,,,,False,ตำบลคณฑี,ตำบล,คณฑี,1.0,,
ตำบลคณฑ_หน_วยเล_อกต_งท_10,ตำบลคณฑ_หน_วยเล_อกต_งท_10.pdf,,,คณฑี,ตำบลคณฑี,,10.0,กำแพงเพชร,เมืองกำแพงเพชร,คณฑี,,,,,,,,False,True,16.363,99.6541,User-provided approximate tambon centroid,Tambon mapping from source folder/name; coordinates are approximate centroid/reference point not official GIS boundary,True,missing_markdown;missing_moo,0.35,True,True,True,True,True,,,,,,,False,ตำบลคณฑี,ตำบล,คณฑี,10.0,,
ตำบลคณฑ_หน_วยเล_อกต_งท_11,ตำบลคณฑ_หน_วยเล_อกต_งท_11.pdf,,,คณฑี,ตำบลคณฑี,,11.0,กำแพงเพชร,เมืองกำแพงเพชร,คณฑี,,,,,,,,False,True,16.363,99.6541,User-provided approximate tambon centroid,Tambon mapping from source folder/name; coordinates are approximate centroid/reference point not official GIS boundary,True,missing_markdown;missing_moo,0.35,True,True,True,True,True,,,,,,,False,ตำบลคณฑี,ตำบล,คณฑี,11.0,,
ตำบลคณฑ_หน_วยเล_อกต_งท_12,ตำบลคณฑ_หน_วยเล_อกต_งท_12.pdf,,,คณฑี,ตำบลคณฑี,,12.0,กำแพงเพชร,เมืองกำแพงเพชร,คณฑี,,,,,,,,False,True,16.363,99.6541,User-provided approximate tambon centroid,Tambon mapping from source folder/name; coordinates are approximate centroid/reference point not official GIS boundary,True,missing_markdown;missing_moo,0.35,True,True,True,True,True,,,,,,,False,ตำบลคณฑี,ตำบล,คณฑี,12.0,,
ตำบลคณฑ_หน_วยเล_อกต_งท_13,ตำบลคณฑ_หน_วยเล_อกต_งท_13.pdf,,,คณฑี,ตำบลคณฑี,,13.0,กำแพงเพชร,เมืองกำแพงเพชร,คณฑี,,,,,,,,False,True,16.363,99.6541,User-provided approximate tambon centroid,Tambon mapping from source folder/name; coordinates are approximate centroid/reference point not official GIS boundary,True,missing_markdown;missing_moo,0.35,True,True,True,True,True,,,,,,,False,ตำบลคณฑี,ตำบล,คณฑี,13.0,,
ตำบลคณฑ_หน_วยเล_อกต_งท_14,ตำบลคณฑ_หน_วยเล_อกต_งท_14.pdf,,,คณฑี,ตำบลคณฑี,,14.0,กำแพงเพชร,เมืองกำแพงเพชร,คณฑี,,,,,,,,False,True,16.363,99.6541,User-provided approximate tambon centroid,Tambon mapping from source folder/name; coordinates are approximate centroid/reference point not official GIS boundary,True,missing_markdown;missing_moo,0.35,True,True,True,True,True,,,,,,,False,ตำบลคณฑี,ตำบล,คณฑี,14.0,,
ตำบลคณฑ_หน_วยเล_อกต_งท_2,ตำบลคณฑ_หน_วยเล_อกต_งท_2.pdf,,,คณฑี,ตำบลคณฑี,,2.0,กำแพงเพชร,เมืองกำแพงเพชร,คณฑี,,,,,,,,False,True,16.363,99.6541,User-provided approximate tambon centroid,Tambon mapping from source folder/name; coordinates are approximate centroid/reference point not official GIS boundary,True,missing_markdown;missing_moo,0.35,True,True,True,True,True,,,,,,,False,ตำบลคณฑี,ตำบล,คณฑี,2.0,,
ตำบลคณฑ_หน_วยเล_อกต_งท_3,ตำบลคณฑ_หน_วยเล_อกต_งท_3.pdf,,,คณฑี,ตำบลคณฑี,,3.0,กำแพงเพชร,เมืองกำแพงเพชร,คณฑี,,,,,,,,False,True,16.363,99.6541,User-provided approximate tambon centroid,Tambon mapping from source folder/name; coordinates are approximate centroid/reference point not official GIS boundary,True,missing_markdown;missing_moo,0.35,True,True,True,True,True,,,,,,,False,ตำบลคณฑี,ตำบล,คณฑี,3.0,,
ตำบลคณฑ_หน_วยเล_อกต_งท_4,ตำบลคณฑ_หน_วยเล_อกต_งท_4.pdf,,,คณฑี,ตำบลคณฑี,,4.0,กำแพงเพชร,เมืองกำแพงเพชร,คณฑี,,,,,,,,False,True,16.363,99.6541,User-provided approximate tambon centroid,Tambon mapping from source folder/name; coordinates are approximate centroid/reference point not official GIS boundary,True,missing_markdown;missing_moo,0.35,True,True,True,True,True,,,,,,,False,ตำบลคณฑี,ตำบล,คณฑี,4.0,,
ตำบลคณฑ_หน_วยเล_อกต_งท_5,ตำบลคณฑ_หน_วยเล_อกต_งท_5.pdf,,,คณฑี,ตำบลคณฑี,,5.0,กำแพงเพชร,เมืองกำแพงเพชร,คณฑี,,,,,,,,False,True,16.363,99.6541,User-provided approximate tambon centroid,Tambon mapping from source folder/name; coordinates are approximate centroid/reference point not official GIS boundary,True,missing_markdown;missing_moo,0.35,True,True,True,True,True,,,,,,,False,ตำบลคณฑี,ตำบล,คณฑี,5.0,,
ตำบลคณฑ_หน_วยเล_อกต_งท_6,ตำบลคณฑ_หน_วยเล_อกต_งท_6.pdf,,,คณฑี,ตำบลคณฑี,,6.0,กำแพงเพชร,เมืองกำแพงเพชร,คณฑี,,,,,,,,False,True,16.363,99.6541,User-provided approximate tambon centroid,Tambon mapping from source folder/name; coordinates are approximate centroid/reference point not official GIS boundary,True,missing_markdown;missing_moo,0.35,True,True,True,True,True,,,,,,,False,ตำบลคณฑี,ตำบล,คณฑี,6.0,,
ตำบลคณฑ_หน_วยเล_อกต_งท_7,ตำบลคณฑ_หน_วยเล_อกต_งท_7.pdf,,,คณฑี,ตำบลคณฑี,,7.0,กำแพงเพชร,เมืองกำแพงเพชร,คณฑี,,,,,,,,False,True,16.363,99.6541,User-provided approximate tambon centroid,Tambon mapping from source folder/name; coordinates are approximate centroid/reference point not official GIS boundary,True,missing_markdown;missing_moo,0.35,True,True,True,True,True,,,,,,,False,ตำบลคณฑี,ตำบล,คณฑี,7.0,,
ตำบลคณฑ_หน_วยเล_อกต_งท_8,ตำบลคณฑ_หน_วยเล_อกต_งท_8.pdf,,,คณฑี,ตำบลคณฑี,,8.0,กำแพงเพชร,เมืองกำแพงเพชร,คณฑี,,,,,,,,False,True,16.363,99.6541,User-provided approximate tambon centroid,Tambon mapping from source folder/name; coordinates are approximate centroid/reference point not official GIS boundary,True,missing_markdown;missing_moo,0.35,True,True,True,True,True,,,,,,,False,ตำบลคณฑี,ตำบล,คณฑี,8.0,,
ตำบลคณฑ_หน_วยเล_อกต_งท_9,ตำบลคณฑ_หน_วยเล_อกต_งท_9.pdf,,,คณฑี,ตำบลคณฑี,,9.0,กำแพงเพชร,เมืองกำแพงเพชร,คณฑี,,,,,,,,False,True,16.363,99.6541,User-provided approximate tambon centroid,Tambon mapping from source folder/name; coordinates are approximate centroid/reference point not official GIS boundary,True,missing_markdown;missing_moo,0.35,True,True,True,True,True,,,,,,,False,ตำบลคณฑี,ตำบล,คณฑี,9.0,,
ตำบลคลองแม_ลาย_หน_วยท_1_0001,ตำบลคลองแม_ลาย_หน_วยท_1_0001.pdf,,,คลองแม่ลาย,ตำบลคลองแม่ลาย,,1.0,กำแพงเพชร,เมืองกำแพงเพชร,คลองแม่ลาย,,,,,,,,False,True,16.4047,99.42,User-provided approximate tambon centroid,Tambon mapping from source folder/name; coordinates are approximate centroid/reference point not official GIS boundary,True,missing_markdown;missing_moo,0.35,True,True,True,True,True,,,,,,,False,ตำบลคลองแม่ลาย,ตำบล,คลองแม่ลาย,1.0,,
ตำบลคลองแม_ลาย_หน_วยท_2_0001,ตำบลคลองแม_ลาย_หน_วยท_2_0001.pdf,,,คลองแม่ลาย,ตำบลคลองแม่ลาย,,2.0,กำแพงเพชร,เมืองกำแพงเพชร,คลองแม่ลาย,,,,,,,,False,True,16.4047,99.42,User-provided approximate tambon centroid,Tambon mapping from source folder/name; coordinates are approximate centroid/reference point not official GIS boundary,True,missing_markdown;missing_moo,0.35,True,True,True,True,True,,,,,,,False,ตำบลคลองแม่ลาย,ตำบล,คลองแม่ลาย,2.0,,
ตำบลคลองแม_ลาย_หน_วยท_3_0001,ตำบลคลองแม_ลาย_หน_วยท_3_0001.pdf,,,คลองแม่ลาย,ตำบลคลองแม่ลาย,,3.0,กำแพงเพชร,เมืองกำแพงเพชร,คลองแม่ลาย,,,,,,,,False,True,16.4047,99.42,User-provided approximate tambon centroid,Tambon mapping from source folder/name; coordinates are approximate centroid/reference point not official GIS boundary,True,missing_markdown;missing_moo,0.35,True,True,True,True,True,,,,,,,False,ตำบลคลองแม่ลาย,ตำบล,คลองแม่ลาย,3.0,,
ตำบลคลองแม_ลาย_หน_วยท_4_0001,ตำบลคลองแม_ลาย_หน_วยท_4_0001.pdf,,,คลองแม่ลาย,ตำบลคลองแม่ลาย,,4.0,กำแพงเพชร,เมืองกำแพงเพชร,คลองแม่ลาย,,,,,,,,False,True,16.4047,99.42,User-provided approximate tambon centroid,Tambon mapping from source folder/name; coordinates are approximate centroid/reference point not official GIS boundary,True,missing_markdown;missing_moo,0.35,True,True,True,True,True,,,,,,,False,ตำบลคลองแม่ลาย,ตำบล,คลองแม่ลาย,4.0,,
ตำบลคลองแม_ลาย_หน_วยท_5_0001,ตำบลคลองแม_ลาย_หน_วยท_5_0001.pdf,,,คลองแม่ลาย,ตำบลคลองแม่ลาย,,5.0,กำแพงเพชร,เมืองกำแพงเพชร,คลองแม่ลาย,,,,,,,,False,True,16.4047,99.42,User-provided approximate tambon centroid,Tambon mapping from source folder/name; coordinates are approximate centroid/reference point not official GIS boundary,True,missing_markdown;missing_moo,0.35,True,True,True,True,True,,,,,,,False,ตำบลคลองแม่ลาย,ตำบล,คลองแม่ลาย,5.0,,
ตำบลคลองแม_ลาย_หน_วยท_6_0001,ตำบลคลองแม_ลาย_หน_วยท_6_0001.pdf,,,คลองแม่ลาย,ตำบลคลองแม่ลาย,,6.0,กำแพงเพชร,เมืองกำแพงเพชร,คลองแม่ลาย,,,,,,,,False,True,16.4047,99.42,User-provided approximate tambon centroid,Tambon mapping from source folder/name; coordinates are approximate centroid/reference point not official GIS boundary,True,missing_markdown;missing_moo,0.35,True,True,True,True,True,,,,,,,False,ตำบลคลองแม่ลาย,ตำบล,คลองแม่ลาย,6.0,,
ตำบลคลองแม_ลาย_หน_วยท_7_0001,ตำบลคลองแม_ลาย_หน_วยท_7_0001.pdf,,,คลองแม่ลาย,ตำบลคลองแม่ลาย,,7.0,กำแพงเพชร,เมืองกำแพงเพชร,คลองแม่ลาย,,,,,,,,False,True,16.4047,99.42,User-provided approximate tambon centroid,Tambon mapping from source folder/name; coordinates are approximate centroid/reference point not official GIS boundary,True,missing_markdown;missing_moo,0.35,True,True,True,True,True,,,,,,,False,ตำบลคลองแม่ลาย,ตำบล,คลองแม่ลาย,7.0,,
ตำบลคลองแม_ลาย_หน_วยท_8_0001,ตำบลคลองแม_ลาย_หน_วยท_8_0001.pdf,,,คลองแม่ลาย,ตำบลคลองแม่ลาย,,8.0,กำแพงเพชร,เมืองกำแพงเพชร,คลองแม่ลาย,,,,,,,,False,True,16.4047,99.42,User-provided approximate tambon centroid,Tambon mapping from source folder/name; coordinates are approximate centroid/reference point not official GIS boundary,True,missing_markdown;missing_moo,0.35,True,True,True,True,True,,,,,,,False,ตำบลคลองแม่ลาย,ตำบล,คลองแม่ลาย,8.0,,
ตำบลท_าข_นราม_หน_วยท_10_0001,ตำบลท_าข_นราม_หน_วยท_10_0001.pdf,,,ท่าขุนราม,ตำบลท่าขุนราม,,10.0,กำแพงเพชร,เมืองกำแพงเพชร,ท่าขุนราม,,,,,,,,False,True,16.449,99.4335,User-provided approximate tambon centroid,Tambon mapping from source folder/name; coordinates are approximate centroid/reference point not official GIS boundary,True,missing_markdown;missing_moo,0.35,True,True,True,True,True,,,,,,,False,ตำบลท่าขุนราม,ตำบล,ท่าขุนราม,10.0,,
ตำบลท_าข_นราม_หน_วยท_11_0001,ตำบลท_าข_นราม_หน_วยท_11_0001.pdf,,,ท่าขุนราม,ตำบลท่าขุนราม,,11.0,กำแพงเพชร,เมืองกำแพงเพชร,ท่าขุนราม,,,,,,,,False,True,16.449,99.4335,User-provided approximate tambon centroid,Tambon mapping from source folder/name; coordinates are approximate centroid/reference point not official GIS boundary,True,missing_markdown;missing_moo,0.35,True,True,True,True,True,,,,,,,False,ตำบลท่าขุนราม,ตำบล,ท่าขุนราม,11.0,,
ตำบลท_าข_นราม_หน_วยท_12_0001,ตำบลท_าข_นราม_หน_วยท_12_0001.pdf,,,ท่าขุนราม,ตำบลท่าขุนราม,,12.0,กำแพงเพชร,เมืองกำแพงเพชร,ท่าขุนราม,,,,,,,,False,True,16.449,99.4335,User-provided approximate tambon centroid,Tambon mapping from source folder/name; coordinates are approximate centroid/reference point not official GIS boundary,True,missing_markdown;missing_moo,0.35,True,True,True,True,True,,,,,,,False,ตำบลท่าขุนราม,ตำบล,ท่าขุนราม,12.0,,
ตำบลท_าข_นราม_หน_วยท_13_0001,ตำบลท_าข_นราม_หน_วยท_13_0001.pdf,,,ท่าขุนราม,ตำบลท่าขุนราม,,13.0,กำแพงเพชร,เมืองกำแพงเพชร,ท่าขุนราม,,,,,,,,False,True,16.449,99.4335,User-provided approximate tambon centroid,Tambon mapping from source folder/name; coordinates are approximate centroid/reference point not official GIS boundary,True,missing_markdown;missing_moo,0.35,True,True,True,True,True,,,,,,,False,ตำบลท่าขุนราม,ตำบล,ท่าขุนราม,13.0,,
ตำบลท_าข_นราม_หน_วยท_1_0001,ตำบลท_าข_นราม_หน_วยท_1_0001.pdf,,,ท่าขุนราม,ตำบลท่าขุนราม,,1.0,กำแพงเพชร,เมืองกำแพงเพชร,ท่าขุนราม,,,,,,,,False,True,16.449,99.4335,User-provided approximate tambon centroid,Tambon mapping from source folder/name; coordinates are approximate centroid/reference point not official GIS boundary,True,missing_markdown;missing_moo,0.35,True,True,True,True,True,,,,,,,False,ตำบลท่าขุนราม,ตำบล,ท่าขุนราม,1.0,,
ตำบลท_าข_นราม_หน_วยท_2_0001,ตำบลท_าข_นราม_หน_วยท_2_0001.pdf,,,ท่าขุนราม,ตำบลท่าขุนราม,,2.0,กำแพงเพชร,เมืองกำแพงเพชร,ท่าขุนราม,,,,,,,,False,True,16.449,99.4335,User-provided approximate tambon centroid,Tambon mapping from source folder/name; coordinates are approximate centroid/reference point not official GIS boundary,True,missing_markdown;missing_moo,0.35,True,True,True,True,True,,,,,,,False,ตำบลท่าขุนราม,ตำบล,ท่าขุนราม,2.0,,
ตำบลท_าข_นราม_หน_วยท_3_0001,ตำบลท_าข_นราม_หน_วยท_3_0001.pdf,,,ท่าขุนราม,ตำบลท่าขุนราม,,3.0,กำแพงเพชร,เมืองกำแพงเพชร,ท่าขุนราม,,,,,,,,False,True,16.449,99.4335,User-provided approximate tambon centroid,Tambon mapping from source folder/name; coordinates are approximate centroid/reference point not official GIS boundary,True,missing_markdown;missing_moo,0.35,True,True,True,True,True,,,,,,,False,ตำบลท่าขุนราม,ตำบล,ท่าขุนราม,3.0,,
ตำบลท_าข_นราม_หน_วยท_4_0001,ตำบลท_าข_นราม_หน_วยท_4_0001.pdf,,,ท่าขุนราม,ตำบลท่าขุนราม,,4.0,กำแพงเพชร,เมืองกำแพงเพชร,ท่าขุนราม,,,,,,,,False,True,16.449,99.4335,User-provided approximate tambon centroid,Tambon mapping from source folder/name; coordinates are approximate centroid/reference point not official GIS boundary,True,missing_markdown;missing_moo,0.35,True,True,True,True,True,,,,,,,False,ตำบลท่าขุนราม,ตำบล,ท่าขุนราม,4.0,,
ตำบลท_าข_นราม_หน_วยท_5_0001,ตำบลท_าข_นราม_หน_วยท_5_0001.pdf,,,ท่าขุนราม,ตำบลท่าขุนราม,,5.0,กำแพงเพชร,เมืองกำแพงเพชร,ท่าขุนราม,,,,,,,,False,True,16.449,99.4335,User-provided approximate tambon centroid,Tambon mapping from source folder/name; coordinates are approximate centroid/reference point not official GIS boundary,True,missing_markdown;missing_moo,0.35,True,True,True,True,True,,,,,,,False,ตำบลท่าขุนราม,ตำบล,ท่าขุนราม,5.0,,
ตำบลท_าข_นราม_หน_วยท_6_0001,ตำบลท_าข_นราม_หน_วยท_6_0001.pdf,,,ท่าขุนราม,ตำบลท่าขุนราม,,6.0,กำแพงเพชร,เมืองกำแพงเพชร,ท่าขุนราม,,,,,,,,False,True,16.449,99.4335,User-provided approximate tambon centroid,Tambon mapping from source folder/name; coordinates are approximate centroid/reference point not official GIS boundary,True,missing_markdown;missing_moo,0.35,True,True,True,True,True,,,,,,,False,ตำบลท่าขุนราม,ตำบล,ท่าขุนราม,6.0,,
ตำบลท_าข_นราม_หน_วยท_7_0001,ตำบลท_าข_นราม_หน_วยท_7_0001.pdf,,,ท่าขุนราม,ตำบลท่าขุนราม,,7.0,กำแพงเพชร,เมืองกำแพงเพชร,ท่าขุนราม,,,,,,,,False,True,16.449,99.4335,User-provided approximate tambon centroid,Tambon mapping from source folder/name; coordinates are approximate centroid/reference point not official GIS boundary,True,missing_markdown;missing_moo,0.35,True,True,True,True,True,,,,,,,False,ตำบลท่าขุนราม,ตำบล,ท่าขุนราม,7.0,,
ตำบลท_าข_นราม_หน_วยท_8_0001,ตำบลท_าข_นราม_หน_วยท_8_0001.pdf,,,ท่าขุนราม,ตำบลท่าขุนราม,,8.0,กำแพงเพชร,เมืองกำแพงเพชร,ท่าขุนราม,,,,,,,,False,True,16.449,99.4335,User-provided approximate tambon centroid,Tambon mapping from source folder/name; coordinates are approximate centroid/reference point not official GIS boundary,True,missing_markdown;missing_moo,0.35,True,True,True,True,True,,,,,,,False,ตำบลท่าขุนราม,ตำบล,ท่าขุนราม,8.0,,
ตำบลท_าข_นราม_หน_วยท_9_0001,ตำบลท_าข_นราม_หน_วยท_9_0001.pdf,,,ท่าขุนราม,ตำบลท่าขุนราม,,9.0,กำแพงเพชร,เมืองกำแพงเพชร,ท่าขุนราม,,,,,,,,False,True,16.449,99.4335,User-provided approximate tambon centroid,Tambon mapping from source folder/name; coordinates are approximate centroid/reference point not official GIS boundary,True,missing_markdown;missing_moo,0.35,True,True,True,True,True,,,,,,,False,ตำบลท่าขุนราม,ตำบล,ท่าขุนราม,9.0,,
ตำบลธำมรงค_หน_วยเล_อกต_งท_1,ตำบลธำมรงค_หน_วยเล_อกต_งท_1.pdf,,,ธำมรงค์,ตำบลธำมรงค์,,1.0,กำแพงเพชร,เมืองกำแพงเพชร,ธำมรงค์,,,,,,,,False,True,16.33,99.62,User-provided approximate tambon centroid,Tambon mapping from source folder/name; coordinates are approximate centroid/reference point not official GIS boundary,True,missing_markdown;missing_moo,0.35,True,True,True,True,True,,,,,,,False,ตำบลธำมรงค์,ตำบล,ธำมรงค์,1.0,,
ตำบลธำมรงค_หน_วยเล_อกต_งท_2,ตำบลธำมรงค_หน_วยเล_อกต_งท_2.pdf,,,ธำมรงค์,ตำบลธำมรงค์,,2.0,กำแพงเพชร,เมืองกำแพงเพชร,ธำมรงค์,,,,,,,,False,True,16.33,99.62,User-provided approximate tambon centroid,Tambon mapping from source folder/name; coordinates are approximate centroid/reference point not official GIS boundary,True,missing_markdown;missing_moo,0.35,True,True,True,True,True,,,,,,,False,ตำบลธำมรงค์,ตำบล,ธำมรงค์,2.0,,
ตำบลธำมรงค_หน_วยเล_อกต_งท_3,ตำบลธำมรงค_หน_วยเล_อกต_งท_3.pdf,,,ธำมรงค์,ตำบลธำมรงค์,,3.0,กำแพงเพชร,เมืองกำแพงเพชร,ธำมรงค์,,,,,,,,False,True,16.33,99.62,User-provided approximate tambon centroid,Tambon mapping from source folder/name; coordinates are approximate centroid/reference point not official GIS boundary,True,missing_markdown;missing_moo,0.35,True,True,True,True,True,,,,,,,False,ตำบลธำมรงค์,ตำบล,ธำมรงค์,3.0,,
ตำบลธำมรงค_หน_วยเล_อกต_งท_4,ตำบลธำมรงค_หน_วยเล_อกต_งท_4.pdf,,,ธำมรงค์,ตำบลธำมรงค์,,4.0,กำแพงเพชร,เมืองกำแพงเพชร,ธำมรงค์,,,,,,,,False,True,16.33,99.62,User-provided approximate tambon centroid,Tambon mapping from source folder/name; coordinates are approximate centroid/reference point not official GIS boundary,True,missing_markdown;missing_moo,0.35,True,True,True,True,True,,,,,,,False,ตำบลธำมรงค์,ตำบล,ธำมรงค์,4.0,,
ตำบลธำมรงค_หน_วยเล_อกต_งท_5,ตำบลธำมรงค_หน_วยเล_อกต_งท_5.pdf,,,ธำมรงค์,ตำบลธำมรงค์,,5.0,กำแพงเพชร,เมืองกำแพงเพชร,ธำมรงค์,,,,,,,,False,True,16.33,99.62,User-provided approximate tambon centroid,Tambon mapping from source folder/name; coordinates are approximate centroid/reference point not official GIS boundary,True,missing_markdown;missing_moo,0.35,True,True,True,True,True,,,,,,,False,ตำบลธำมรงค์,ตำบล,ธำมรงค์,5.0,,
ตำบลธำมรงค_หน_วยเล_อกต_งท_6,ตำบลธำมรงค_หน_วยเล_อกต_งท_6.pdf,,,ธำมรงค์,ตำบลธำมรงค์,,6.0,กำแพงเพชร,เมืองกำแพงเพชร,ธำมรงค์,,,,,,,,False,True,16.33,99.62,User-provided approximate tambon centroid,Tambon mapping from source folder/name; coordinates are approximate centroid/reference point not official GIS boundary,True,missing_markdown;missing_moo,0.35,True,True,True,True,True,,,,,,,False,ตำบลธำมรงค์,ตำบล,ธำมรงค์,6.0,,
ตำบลนครช_ม_หน_วยท_10_0001,ตำบลนครช_ม_หน_วยท_10_0001.pdf,,,นครชุม,ตำบลนครชุม,,10.0,กำแพงเพชร,เมืองกำแพงเพชร,นครชุม,,,,,,,,False,True,16.4752,99.5116,User-provided approximate tambon centroid,Tambon mapping from source folder/name; coordinates are approximate centroid/reference point not official GIS boundary,True,missing_markdown;missing_moo,0.35,True,True,True,True,True,,,,,,,False,ตำบลนครชุม,ตำบล,นครชุม,10.0,,
ตำบลนครช_ม_หน_วยท_11_0001,ตำบลนครช_ม_หน_วยท_11_0001.pdf,,,นครชุม,ตำบลนครชุม,,11.0,กำแพงเพชร,เมืองกำแพงเพชร,นครชุม,,,,,,,,False,True,16.4752,99.5116,User-provided approximate tambon centroid,Tambon mapping from source folder/name; coordinates are approximate centroid/reference point not official GIS boundary,True,missing_markdown;missing_moo,0.35,True,True,True,True,True,,,,,,,False,ตำบลนครชุม,ตำบล,นครชุม,11.0,,
ตำบลนครช_ม_หน_วยท_12_0001,ตำบลนครช_ม_หน_วยท_12_0001.pdf,,,นครชุม,ตำบลนครชุม,,12.0,กำแพงเพชร,เมืองกำแพงเพชร,นครชุม,,,,,,,,False,True,16.4752,99.5116,User-provided approximate tambon centroid,Tambon mapping from source folder/name; coordinates are approximate centroid/reference point not official GIS boundary,True,missing_markdown;missing_moo,0.35,True,True,True,True,True,,,,,,,False,ตำบลนครชุม,ตำบล,นครชุม,12.0,,
ตำบลนครช_ม_หน_วยท_13_0001,ตำบลนครช_ม_หน_วยท_13_0001.pdf,,,นครชุม,ตำบลนครชุม,,13.0,กำแพงเพชร,เมืองกำแพงเพชร,นครชุม,,,,,,,,False,True,16.4752,99.5116,User-provided approximate tambon centroid,Tambon mapping from source folder/name; coordinates are approximate centroid/reference point not official GIS boundary,True,missing_markdown;missing_moo,0.35,True,True,True,True,True,,,,,,,False,ตำบลนครชุม,ตำบล,นครชุม,13.0,,
ตำบลนครช_ม_หน_วยท_14_0001,ตำบลนครช_ม_หน_วยท_14_0001.pdf,,,นครชุม,ตำบลนครชุม,,14.0,กำแพงเพชร,เมืองกำแพงเพชร,นครชุม,,,,,,,,False,True,16.4752,99.5116,User-provided approximate tambon centroid,Tambon mapping from source folder/name; coordinates are approximate centroid/reference point not official GIS boundary,True,missing_markdown;missing_moo,0.35,True,True,True,True,True,,,,,,,False,ตำบลนครชุม,ตำบล,นครชุม,14.0,,
ตำบลนครช_ม_หน_วยท_15_0001,ตำบลนครช_ม_หน_วยท_15_0001.pdf,,,นครชุม,ตำบลนครชุม,,15.0,กำแพงเพชร,เมืองกำแพงเพชร,นครชุม,,,,,,,,False,True,16.4752,99.5116,User-provided approximate tambon centroid,Tambon mapping from source folder/name; coordinates are approximate centroid/reference point not official GIS boundary,True,missing_markdown;missing_moo,0.35,True,True,True,True,True,,,,,,,False,ตำบลนครชุม,ตำบล,นครชุม,15.0,,
ตำบลนครช_ม_หน_วยท_1_0001,ตำบลนครช_ม_หน_วยท_1_0001.pdf,,,นครชุม,ตำบลนครชุม,,1.0,กำแพงเพชร,เมืองกำแพงเพชร,นครชุม,,,,,,,,False,True,16.4752,99.5116,User-provided approximate tambon centroid,Tambon mapping from source folder/name; coordinates are approximate centroid/reference point not official GIS boundary,True,missing_markdown;missing_moo,0.35,True,True,True,True,True,,,,,,,False,ตำบลนครชุม,ตำบล,นครชุม,1.0,,
ตำบลนครช_ม_หน_วยท_2_0001,ตำบลนครช_ม_หน_วยท_2_0001.pdf,,,นครชุม,ตำบลนครชุม,,2.0,กำแพงเพชร,เมืองกำแพงเพชร,นครชุม,,,,,,,,False,True,16.4752,99.5116,User-provided approximate tambon centroid,Tambon mapping from source folder/name; coordinates are approximate centroid/reference point not official GIS boundary,True,missing_markdown;missing_moo,0.35,True,True,True,True,True,,,,,,,False,ตำบลนครชุม,ตำบล,นครชุม,2.0,,
ตำบลนครช_ม_หน_วยท_3_0001,ตำบลนครช_ม_หน_วยท_3_0001.pdf,,,นครชุม,ตำบลนครชุม,,3.0,กำแพงเพชร,เมืองกำแพงเพชร,นครชุม,,,,,,,,False,True,16.4752,99.5116,User-provided approximate tambon centroid,Tambon mapping from source folder/name; coordinates are approximate centroid/reference point not official GIS boundary,True,missing_markdown;missing_moo,0.35,True,True,True,True,True,,,,,,,False,ตำบลนครชุม,ตำบล,นครชุม,3.0,,
ตำบลนครช_ม_หน_วยท_4_0001,ตำบลนครช_ม_หน_วยท_4_0001.pdf,,,นครชุม,ตำบลนครชุม,,4.0,กำแพงเพชร,เมืองกำแพงเพชร,นครชุม,,,,,,,,False,True,16.4752,99.5116,User-provided approximate tambon centroid,Tambon mapping from source folder/name; coordinates are approximate centroid/reference point not official GIS boundary,True,missing_markdown;missing_moo,0.35,True,True,True,True,True,,,,,,,False,ตำบลนครชุม,ตำบล,นครชุม,4.0,,
ตำบลนครช_ม_หน_วยท_5_0001,ตำบลนครช_ม_หน_วยท_5_0001.pdf,,,นครชุม,ตำบลนครชุม,,5.0,กำแพงเพชร,เมืองกำแพงเพชร,นครชุม,,,,,,,,False,True,16.4752,99.5116,User-provided approximate tambon centroid,Tambon mapping from source folder/name; coordinates are approximate centroid/reference point not official GIS boundary,True,missing_markdown;missing_moo,0.35,True,True,True,True,True,,,,,,,False,ตำบลนครชุม,ตำบล,นครชุม,5.0,,
ตำบลนครช_ม_หน_วยท_6_0001,ตำบลนครช_ม_หน_วยท_6_0001.pdf,,,นครชุม,ตำบลนครชุม,,6.0,กำแพงเพชร,เมืองกำแพงเพชร,นครชุม,,,,,,,,False,True,16.4752,99.5116,User-provided approximate tambon centroid,Tambon mapping from source folder/name; coordinates are approximate centroid/reference point not official GIS boundary,True,missing_markdown;missing_moo,0.35,True,True,True,True,True,,,,,,,False,ตำบลนครชุม,ตำบล,นครชุม,6.0,,
ตำบลนครช_ม_หน_วยท_7_0001,ตำบลนครช_ม_หน_วยท_7_0001.pdf,,,นครชุม,ตำบลนครชุม,,7.0,กำแพงเพชร,เมืองกำแพงเพชร,นครชุม,,,,,,,,False,True,16.4752,99.5116,User-provided approximate tambon centroid,Tambon mapping from source folder/name; coordinates are approximate centroid/reference point not official GIS boundary,True,missing_markdown;missing_moo,0.35,True,True,True,True,True,,,,,,,False,ตำบลนครชุม,ตำบล,นครชุม,7.0,,
ตำบลนครช_ม_หน_วยท_8_0001,ตำบลนครช_ม_หน_วยท_8_0001.pdf,,,นครชุม,ตำบลนครชุม,,8.0,กำแพงเพชร,เมืองกำแพงเพชร,นครชุม,,,,,,,,False,True,16.4752,99.5116,User-provided approximate tambon centroid,Tambon mapping from source folder/name; coordinates are approximate centroid/reference point not official GIS boundary,True,missing_markdown;missing_moo,0.35,True,True,True,True,True,,,,,,,False,ตำบลนครชุม,ตำบล,นครชุม,8.0,,
ตำบลนครช_ม_หน_วยท_9_0001,ตำบลนครช_ม_หน_วยท_9_0001.pdf,,,นครชุม,ตำบลนครชุม,,9.0,กำแพงเพชร,เมืองกำแพงเพชร,นครชุม,,,,,,,,False,True,16.4752,99.5116,User-provided approximate tambon centroid,Tambon mapping from source folder/name; coordinates are approximate centroid/reference point not official GIS boundary,True,missing_markdown;missing_moo,0.35,True,True,True,True,True,,,,,,,False,ตำบลนครชุม,ตำบล,นครชุม,9.0,,
นอกเขต_20260509T001833Z_3_001_นอกเขต_นอกเขต_1_ช_ด_1,นอกเขต_20260509T001833Z_3_001_นอกเขต_นอกเขต_1_ช_ด_1.pdf,,,,,,,,,,,,,,,,,False,False,,,,,True,missing_markdown;missing_moo,0.35,True,True,True,True,True,,,,,,,False,,,,,,
นอกเขต_20260509T001833Z_3_001_นอกเขต_นอกเขต_1_ช_ด_2,นอกเขต_20260509T001833Z_3_001_นอกเขต_นอกเขต_1_ช_ด_2.pdf,,,,,,,,,,,,,,,,,False,False,,,,,True,missing_markdown;missing_moo,0.35,True,True,True,True,True,,,,,,,False,,,,,,
นอกเขต_20260509T001833Z_3_001_นอกเขต_นอกเขต_1_ช_ด_3,นอกเขต_20260509T001833Z_3_001_นอกเขต_นอกเขต_1_ช_ด_3.pdf,,,,,,,,,,,,,,,,,False,False,,,,,True,missing_markdown;missing_moo,0.35,True,True,True,True,True,,,,,,,False,,,,,,
นอกเขต_20260509T001833Z_3_001_นอกเขต_นอกเขต_1_ช_ด_4,นอกเขต_20260509T001833Z_3_001_นอกเขต_นอกเขต_1_ช_ด_4.pdf,,,,,,,,,,,,,,,,,False,False,,,,,True,missing_markdown;missing_moo,0.35,True,True,True,True,True,,,,,,,False,,,,,,
นอกเขต_20260509T001833Z_3_001_นอกเขต_นอกเขต_1_ช_ด_5,นอกเขต_20260509T001833Z_3_001_นอกเขต_นอกเขต_1_ช_ด_5.pdf,,,,,,,,,,,,,,,,,False,False,,,,,True,missing_markdown;missing_moo,0.35,True,True,True,True,True,,,,,,,False,,,,,,
นอกเขต_20260509T001833Z_3_001_นอกเขต_นอกเขต_1_ช_ด_6,นอกเขต_20260509T001833Z_3_001_นอกเขต_นอกเขต_1_ช_ด_6.pdf,,,,,,,,,,,,,,,,,False,False,,,,,True,missing_markdown;missing_moo,0.35,True,True,True,True,True,,,,,,,False,,,,,,
นอกเขต_20260509T001833Z_3_001_นอกเขต_นอกเขต_1_ช_ด_7,นอกเขต_20260509T001833Z_3_001_นอกเขต_นอกเขต_1_ช_ด_7.pdf,,,,,,,,,,,,,,,,,False,False,,,,,True,missing_markdown;missing_moo,0.35,True,True,True,True,True,,,,,,,False,,,,,,
นอกเขต_20260509T001833Z_3_001_นอกเขต_นอกเขต_1_ช_ด_8,นอกเขต_20260509T001833Z_3_001_นอกเขต_นอกเขต_1_ช_ด_8.pdf,,,,,,,,,,,,,,,,,False,False,,,,,True,missing_markdown;missing_moo,0.35,True,True,True,True,True,,,,,,,False,,,,,,
นอกเขต_20260509T001833Z_3_001_นอกเขต_นอกเขต_1_ช_ด_9,นอกเขต_20260509T001833Z_3_001_นอกเขต_นอกเขต_1_ช_ด_9.pdf,,,,,,,,,,,,,,,,,False,False,,,,,True,missing_markdown;missing_moo,0.35,True,True,True,True,True,,,,,,,False,,,,,,
